"capsid","strain","density","tree_sp","numeric_dose","total_n","total_virus","dose_response","SOK","day","value","numeric_day"
"SNPV","COL","HI","GR",3,29,3,0.103448276,16,"day_6",0,6
"SNPV","COL","HI","GR",3,29,3,0.103448276,16,"day_7",0,7
"SNPV","COL","HI","GR",3,29,3,0.103448276,16,"day_8",0,8
"SNPV","COL","HI","GR",3,29,3,0.103448276,16,"day_9",0,9
"SNPV","COL","HI","GR",3,29,3,0.103448276,16,"day_10",0,10
"SNPV","COL","HI","GR",3,29,3,0.103448276,16,"day_11",0,11
"SNPV","COL","HI","GR",3,29,3,0.103448276,16,"day_12",0,12
"SNPV","COL","HI","GR",3,29,3,0.103448276,16,"day_13",0,13
"SNPV","COL","HI","GR",3,29,3,0.103448276,16,"day_14",0,14
"SNPV","COL","HI","GR",3,29,3,0.103448276,16,"day_15",1,15
"SNPV","COL","HI","GR",3,29,3,0.103448276,16,"day_16",1,16
"SNPV","COL","HI","GR",3,29,3,0.103448276,16,"day_17",1,17
"SNPV","COL","HI","GR",3,29,3,0.103448276,16,"day_18",0,18
"SNPV","COL","HI","GR",3,29,3,0.103448276,16,"day_19",0,19
"SNPV","COL","HI","GR",3,29,3,0.103448276,16,"day_20",0,20
"SNPV","COL","HI","GR",3,29,3,0.103448276,16,"day_21",0,21
"SNPV","COL","HI","GR",3,29,3,0.103448276,16,"day_22",0,22
"SNPV","COL","HI","GR",3,29,3,0.103448276,16,"day_23",0,23
"SNPV","COL","HI","GR",3,29,3,0.103448276,16,"day_24",0,24
"SNPV","COL","HI","GR",3,29,3,0.103448276,16,"day_25",0,25
"SNPV","COL","HI","GR",3,29,3,0.103448276,16,"day_26",0,26
"SNPV","COL","HI","GR",3,29,3,0.103448276,16,"day_27",0,27
"SNPV","COL","HI","GR",3,29,3,0.103448276,16,"day_28",0,28
"SNPV","COL","HI","DO",3,26,8,0.307692308,13.75,"day_6",1,6
"SNPV","COL","HI","DO",3,26,8,0.307692308,13.75,"day_7",0,7
"SNPV","COL","HI","DO",3,26,8,0.307692308,13.75,"day_8",0,8
"SNPV","COL","HI","DO",3,26,8,0.307692308,13.75,"day_9",0,9
"SNPV","COL","HI","DO",3,26,8,0.307692308,13.75,"day_10",0,10
"SNPV","COL","HI","DO",3,26,8,0.307692308,13.75,"day_11",1,11
"SNPV","COL","HI","DO",3,26,8,0.307692308,13.75,"day_12",0,12
"SNPV","COL","HI","DO",3,26,8,0.307692308,13.75,"day_13",1,13
"SNPV","COL","HI","DO",3,26,8,0.307692308,13.75,"day_14",1,14
"SNPV","COL","HI","DO",3,26,8,0.307692308,13.75,"day_15",1,15
"SNPV","COL","HI","DO",3,26,8,0.307692308,13.75,"day_16",1,16
"SNPV","COL","HI","DO",3,26,8,0.307692308,13.75,"day_17",1,17
"SNPV","COL","HI","DO",3,26,8,0.307692308,13.75,"day_18",1,18
"SNPV","COL","HI","DO",3,26,8,0.307692308,13.75,"day_19",0,19
"SNPV","COL","HI","DO",3,26,8,0.307692308,13.75,"day_20",0,20
"SNPV","COL","HI","DO",3,26,8,0.307692308,13.75,"day_21",0,21
"SNPV","COL","HI","DO",3,26,8,0.307692308,13.75,"day_22",0,22
"SNPV","COL","HI","DO",3,26,8,0.307692308,13.75,"day_23",0,23
"SNPV","COL","HI","DO",3,26,8,0.307692308,13.75,"day_24",0,24
"SNPV","COL","HI","DO",3,26,8,0.307692308,13.75,"day_25",0,25
"SNPV","COL","HI","DO",3,26,8,0.307692308,13.75,"day_26",0,26
"SNPV","COL","HI","DO",3,26,8,0.307692308,13.75,"day_27",0,27
"SNPV","COL","HI","DO",3,26,8,0.307692308,13.75,"day_28",0,28
"SNPV","COL","ME","GR",2,26,6,0.230769231,8.666666667,"day_6",1,6
"SNPV","COL","ME","GR",2,26,6,0.230769231,8.666666667,"day_7",1,7
"SNPV","COL","ME","GR",2,26,6,0.230769231,8.666666667,"day_8",0,8
"SNPV","COL","ME","GR",2,26,6,0.230769231,8.666666667,"day_9",1,9
"SNPV","COL","ME","GR",2,26,6,0.230769231,8.666666667,"day_10",3,10
"SNPV","COL","ME","GR",2,26,6,0.230769231,8.666666667,"day_11",0,11
"SNPV","COL","ME","GR",2,26,6,0.230769231,8.666666667,"day_12",0,12
"SNPV","COL","ME","GR",2,26,6,0.230769231,8.666666667,"day_13",0,13
"SNPV","COL","ME","GR",2,26,6,0.230769231,8.666666667,"day_14",0,14
"SNPV","COL","ME","GR",2,26,6,0.230769231,8.666666667,"day_15",0,15
"SNPV","COL","ME","GR",2,26,6,0.230769231,8.666666667,"day_16",0,16
"SNPV","COL","ME","GR",2,26,6,0.230769231,8.666666667,"day_17",0,17
"SNPV","COL","ME","GR",2,26,6,0.230769231,8.666666667,"day_18",0,18
"SNPV","COL","ME","GR",2,26,6,0.230769231,8.666666667,"day_19",0,19
"SNPV","COL","ME","GR",2,26,6,0.230769231,8.666666667,"day_20",0,20
"SNPV","COL","ME","GR",2,26,6,0.230769231,8.666666667,"day_21",0,21
"SNPV","COL","ME","GR",2,26,6,0.230769231,8.666666667,"day_22",0,22
"SNPV","COL","ME","GR",2,26,6,0.230769231,8.666666667,"day_23",0,23
"SNPV","COL","ME","GR",2,26,6,0.230769231,8.666666667,"day_24",0,24
"SNPV","COL","ME","GR",2,26,6,0.230769231,8.666666667,"day_25",0,25
"SNPV","COL","ME","GR",2,26,6,0.230769231,8.666666667,"day_26",0,26
"SNPV","COL","ME","GR",2,26,6,0.230769231,8.666666667,"day_27",0,27
"SNPV","COL","ME","GR",2,26,6,0.230769231,8.666666667,"day_28",0,28
"SNPV","COL","ME","DO",2,24,4,0.166666667,14.75,"day_6",0,6
"SNPV","COL","ME","DO",2,24,4,0.166666667,14.75,"day_7",0,7
"SNPV","COL","ME","DO",2,24,4,0.166666667,14.75,"day_8",0,8
"SNPV","COL","ME","DO",2,24,4,0.166666667,14.75,"day_9",0,9
"SNPV","COL","ME","DO",2,24,4,0.166666667,14.75,"day_10",0,10
"SNPV","COL","ME","DO",2,24,4,0.166666667,14.75,"day_11",0,11
"SNPV","COL","ME","DO",2,24,4,0.166666667,14.75,"day_12",0,12
"SNPV","COL","ME","DO",2,24,4,0.166666667,14.75,"day_13",0,13
"SNPV","COL","ME","DO",2,24,4,0.166666667,14.75,"day_14",3,14
"SNPV","COL","ME","DO",2,24,4,0.166666667,14.75,"day_15",0,15
"SNPV","COL","ME","DO",2,24,4,0.166666667,14.75,"day_16",0,16
"SNPV","COL","ME","DO",2,24,4,0.166666667,14.75,"day_17",1,17
"SNPV","COL","ME","DO",2,24,4,0.166666667,14.75,"day_18",0,18
"SNPV","COL","ME","DO",2,24,4,0.166666667,14.75,"day_19",0,19
"SNPV","COL","ME","DO",2,24,4,0.166666667,14.75,"day_20",0,20
"SNPV","COL","ME","DO",2,24,4,0.166666667,14.75,"day_21",0,21
"SNPV","COL","ME","DO",2,24,4,0.166666667,14.75,"day_22",0,22
"SNPV","COL","ME","DO",2,24,4,0.166666667,14.75,"day_23",0,23
"SNPV","COL","ME","DO",2,24,4,0.166666667,14.75,"day_24",0,24
"SNPV","COL","ME","DO",2,24,4,0.166666667,14.75,"day_25",0,25
"SNPV","COL","ME","DO",2,24,4,0.166666667,14.75,"day_26",0,26
"SNPV","COL","ME","DO",2,24,4,0.166666667,14.75,"day_27",0,27
"SNPV","COL","ME","DO",2,24,4,0.166666667,14.75,"day_28",0,28
"SNPV","COL","LO","GR",1,22,0,0,0,"day_6",0,6
"SNPV","COL","LO","GR",1,22,0,0,0,"day_7",0,7
"SNPV","COL","LO","GR",1,22,0,0,0,"day_8",0,8
"SNPV","COL","LO","GR",1,22,0,0,0,"day_9",0,9
"SNPV","COL","LO","GR",1,22,0,0,0,"day_10",0,10
"SNPV","COL","LO","GR",1,22,0,0,0,"day_11",0,11
"SNPV","COL","LO","GR",1,22,0,0,0,"day_12",0,12
"SNPV","COL","LO","GR",1,22,0,0,0,"day_13",0,13
"SNPV","COL","LO","GR",1,22,0,0,0,"day_14",0,14
"SNPV","COL","LO","GR",1,22,0,0,0,"day_15",0,15
"SNPV","COL","LO","GR",1,22,0,0,0,"day_16",0,16
"SNPV","COL","LO","GR",1,22,0,0,0,"day_17",0,17
"SNPV","COL","LO","GR",1,22,0,0,0,"day_18",0,18
"SNPV","COL","LO","GR",1,22,0,0,0,"day_19",0,19
"SNPV","COL","LO","GR",1,22,0,0,0,"day_20",0,20
"SNPV","COL","LO","GR",1,22,0,0,0,"day_21",0,21
"SNPV","COL","LO","GR",1,22,0,0,0,"day_22",0,22
"SNPV","COL","LO","GR",1,22,0,0,0,"day_23",0,23
"SNPV","COL","LO","GR",1,22,0,0,0,"day_24",0,24
"SNPV","COL","LO","GR",1,22,0,0,0,"day_25",0,25
"SNPV","COL","LO","GR",1,22,0,0,0,"day_26",0,26
"SNPV","COL","LO","GR",1,22,0,0,0,"day_27",0,27
"SNPV","COL","LO","GR",1,22,0,0,0,"day_28",0,28
"SNPV","COL","LO","DO",1,32,9,0.28125,13.11111111,"day_6",1,6
"SNPV","COL","LO","DO",1,32,9,0.28125,13.11111111,"day_7",1,7
"SNPV","COL","LO","DO",1,32,9,0.28125,13.11111111,"day_8",0,8
"SNPV","COL","LO","DO",1,32,9,0.28125,13.11111111,"day_9",0,9
"SNPV","COL","LO","DO",1,32,9,0.28125,13.11111111,"day_10",0,10
"SNPV","COL","LO","DO",1,32,9,0.28125,13.11111111,"day_11",2,11
"SNPV","COL","LO","DO",1,32,9,0.28125,13.11111111,"day_12",0,12
"SNPV","COL","LO","DO",1,32,9,0.28125,13.11111111,"day_13",0,13
"SNPV","COL","LO","DO",1,32,9,0.28125,13.11111111,"day_14",0,14
"SNPV","COL","LO","DO",1,32,9,0.28125,13.11111111,"day_15",2,15
"SNPV","COL","LO","DO",1,32,9,0.28125,13.11111111,"day_16",1,16
"SNPV","COL","LO","DO",1,32,9,0.28125,13.11111111,"day_17",1,17
"SNPV","COL","LO","DO",1,32,9,0.28125,13.11111111,"day_18",0,18
"SNPV","COL","LO","DO",1,32,9,0.28125,13.11111111,"day_19",0,19
"SNPV","COL","LO","DO",1,32,9,0.28125,13.11111111,"day_20",1,20
"SNPV","COL","LO","DO",1,32,9,0.28125,13.11111111,"day_21",0,21
"SNPV","COL","LO","DO",1,32,9,0.28125,13.11111111,"day_22",0,22
"SNPV","COL","LO","DO",1,32,9,0.28125,13.11111111,"day_23",0,23
"SNPV","COL","LO","DO",1,32,9,0.28125,13.11111111,"day_24",0,24
"SNPV","COL","LO","DO",1,32,9,0.28125,13.11111111,"day_25",0,25
"SNPV","COL","LO","DO",1,32,9,0.28125,13.11111111,"day_26",0,26
"SNPV","COL","LO","DO",1,32,9,0.28125,13.11111111,"day_27",0,27
"SNPV","COL","LO","DO",1,32,9,0.28125,13.11111111,"day_28",0,28
"SNPV","CUB","HI","GR",3,20,0,0,0,"day_6",0,6
"SNPV","CUB","HI","GR",3,20,0,0,0,"day_7",0,7
"SNPV","CUB","HI","GR",3,20,0,0,0,"day_8",0,8
"SNPV","CUB","HI","GR",3,20,0,0,0,"day_9",0,9
"SNPV","CUB","HI","GR",3,20,0,0,0,"day_10",0,10
"SNPV","CUB","HI","GR",3,20,0,0,0,"day_11",0,11
"SNPV","CUB","HI","GR",3,20,0,0,0,"day_12",0,12
"SNPV","CUB","HI","GR",3,20,0,0,0,"day_13",0,13
"SNPV","CUB","HI","GR",3,20,0,0,0,"day_14",0,14
"SNPV","CUB","HI","GR",3,20,0,0,0,"day_15",0,15
"SNPV","CUB","HI","GR",3,20,0,0,0,"day_16",0,16
"SNPV","CUB","HI","GR",3,20,0,0,0,"day_17",0,17
"SNPV","CUB","HI","GR",3,20,0,0,0,"day_18",0,18
"SNPV","CUB","HI","GR",3,20,0,0,0,"day_19",0,19
"SNPV","CUB","HI","GR",3,20,0,0,0,"day_20",0,20
"SNPV","CUB","HI","GR",3,20,0,0,0,"day_21",0,21
"SNPV","CUB","HI","GR",3,20,0,0,0,"day_22",0,22
"SNPV","CUB","HI","GR",3,20,0,0,0,"day_23",0,23
"SNPV","CUB","HI","GR",3,20,0,0,0,"day_24",0,24
"SNPV","CUB","HI","GR",3,20,0,0,0,"day_25",0,25
"SNPV","CUB","HI","GR",3,20,0,0,0,"day_26",0,26
"SNPV","CUB","HI","GR",3,20,0,0,0,"day_27",0,27
"SNPV","CUB","HI","GR",3,20,0,0,0,"day_28",0,28
"SNPV","CUB","HI","DO",3,18,3,0.166666667,14.66666667,"day_6",0,6
"SNPV","CUB","HI","DO",3,18,3,0.166666667,14.66666667,"day_7",0,7
"SNPV","CUB","HI","DO",3,18,3,0.166666667,14.66666667,"day_8",0,8
"SNPV","CUB","HI","DO",3,18,3,0.166666667,14.66666667,"day_9",0,9
"SNPV","CUB","HI","DO",3,18,3,0.166666667,14.66666667,"day_10",0,10
"SNPV","CUB","HI","DO",3,18,3,0.166666667,14.66666667,"day_11",0,11
"SNPV","CUB","HI","DO",3,18,3,0.166666667,14.66666667,"day_12",0,12
"SNPV","CUB","HI","DO",3,18,3,0.166666667,14.66666667,"day_13",0,13
"SNPV","CUB","HI","DO",3,18,3,0.166666667,14.66666667,"day_14",2,14
"SNPV","CUB","HI","DO",3,18,3,0.166666667,14.66666667,"day_15",0,15
"SNPV","CUB","HI","DO",3,18,3,0.166666667,14.66666667,"day_16",1,16
"SNPV","CUB","HI","DO",3,18,3,0.166666667,14.66666667,"day_17",0,17
"SNPV","CUB","HI","DO",3,18,3,0.166666667,14.66666667,"day_18",0,18
"SNPV","CUB","HI","DO",3,18,3,0.166666667,14.66666667,"day_19",0,19
"SNPV","CUB","HI","DO",3,18,3,0.166666667,14.66666667,"day_20",0,20
"SNPV","CUB","HI","DO",3,18,3,0.166666667,14.66666667,"day_21",0,21
"SNPV","CUB","HI","DO",3,18,3,0.166666667,14.66666667,"day_22",0,22
"SNPV","CUB","HI","DO",3,18,3,0.166666667,14.66666667,"day_23",0,23
"SNPV","CUB","HI","DO",3,18,3,0.166666667,14.66666667,"day_24",0,24
"SNPV","CUB","HI","DO",3,18,3,0.166666667,14.66666667,"day_25",0,25
"SNPV","CUB","HI","DO",3,18,3,0.166666667,14.66666667,"day_26",0,26
"SNPV","CUB","HI","DO",3,18,3,0.166666667,14.66666667,"day_27",0,27
"SNPV","CUB","HI","DO",3,18,3,0.166666667,14.66666667,"day_28",0,28
"SNPV","CUB","ME","GR",2,21,1,0.047619048,8,"day_6",0,6
"SNPV","CUB","ME","GR",2,21,1,0.047619048,8,"day_7",0,7
"SNPV","CUB","ME","GR",2,21,1,0.047619048,8,"day_8",1,8
"SNPV","CUB","ME","GR",2,21,1,0.047619048,8,"day_9",0,9
"SNPV","CUB","ME","GR",2,21,1,0.047619048,8,"day_10",0,10
"SNPV","CUB","ME","GR",2,21,1,0.047619048,8,"day_11",0,11
"SNPV","CUB","ME","GR",2,21,1,0.047619048,8,"day_12",0,12
"SNPV","CUB","ME","GR",2,21,1,0.047619048,8,"day_13",0,13
"SNPV","CUB","ME","GR",2,21,1,0.047619048,8,"day_14",0,14
"SNPV","CUB","ME","GR",2,21,1,0.047619048,8,"day_15",0,15
"SNPV","CUB","ME","GR",2,21,1,0.047619048,8,"day_16",0,16
"SNPV","CUB","ME","GR",2,21,1,0.047619048,8,"day_17",0,17
"SNPV","CUB","ME","GR",2,21,1,0.047619048,8,"day_18",0,18
"SNPV","CUB","ME","GR",2,21,1,0.047619048,8,"day_19",0,19
"SNPV","CUB","ME","GR",2,21,1,0.047619048,8,"day_20",0,20
"SNPV","CUB","ME","GR",2,21,1,0.047619048,8,"day_21",0,21
"SNPV","CUB","ME","GR",2,21,1,0.047619048,8,"day_22",0,22
"SNPV","CUB","ME","GR",2,21,1,0.047619048,8,"day_23",0,23
"SNPV","CUB","ME","GR",2,21,1,0.047619048,8,"day_24",0,24
"SNPV","CUB","ME","GR",2,21,1,0.047619048,8,"day_25",0,25
"SNPV","CUB","ME","GR",2,21,1,0.047619048,8,"day_26",0,26
"SNPV","CUB","ME","GR",2,21,1,0.047619048,8,"day_27",0,27
"SNPV","CUB","ME","GR",2,21,1,0.047619048,8,"day_28",0,28
"SNPV","CUB","ME","DO",2,19,6,0.315789474,13.5,"day_6",1,6
"SNPV","CUB","ME","DO",2,19,6,0.315789474,13.5,"day_7",0,7
"SNPV","CUB","ME","DO",2,19,6,0.315789474,13.5,"day_8",0,8
"SNPV","CUB","ME","DO",2,19,6,0.315789474,13.5,"day_9",0,9
"SNPV","CUB","ME","DO",2,19,6,0.315789474,13.5,"day_10",0,10
"SNPV","CUB","ME","DO",2,19,6,0.315789474,13.5,"day_11",0,11
"SNPV","CUB","ME","DO",2,19,6,0.315789474,13.5,"day_12",0,12
"SNPV","CUB","ME","DO",2,19,6,0.315789474,13.5,"day_13",2,13
"SNPV","CUB","ME","DO",2,19,6,0.315789474,13.5,"day_14",1,14
"SNPV","CUB","ME","DO",2,19,6,0.315789474,13.5,"day_15",0,15
"SNPV","CUB","ME","DO",2,19,6,0.315789474,13.5,"day_16",0,16
"SNPV","CUB","ME","DO",2,19,6,0.315789474,13.5,"day_17",1,17
"SNPV","CUB","ME","DO",2,19,6,0.315789474,13.5,"day_18",1,18
"SNPV","CUB","ME","DO",2,19,6,0.315789474,13.5,"day_19",0,19
"SNPV","CUB","ME","DO",2,19,6,0.315789474,13.5,"day_20",0,20
"SNPV","CUB","ME","DO",2,19,6,0.315789474,13.5,"day_21",0,21
"SNPV","CUB","ME","DO",2,19,6,0.315789474,13.5,"day_22",0,22
"SNPV","CUB","ME","DO",2,19,6,0.315789474,13.5,"day_23",0,23
"SNPV","CUB","ME","DO",2,19,6,0.315789474,13.5,"day_24",0,24
"SNPV","CUB","ME","DO",2,19,6,0.315789474,13.5,"day_25",0,25
"SNPV","CUB","ME","DO",2,19,6,0.315789474,13.5,"day_26",0,26
"SNPV","CUB","ME","DO",2,19,6,0.315789474,13.5,"day_27",0,27
"SNPV","CUB","ME","DO",2,19,6,0.315789474,13.5,"day_28",0,28
"SNPV","CUB","LO","GR",1,18,0,0,0,"day_6",0,6
"SNPV","CUB","LO","GR",1,18,0,0,0,"day_7",0,7
"SNPV","CUB","LO","GR",1,18,0,0,0,"day_8",0,8
"SNPV","CUB","LO","GR",1,18,0,0,0,"day_9",0,9
"SNPV","CUB","LO","GR",1,18,0,0,0,"day_10",0,10
"SNPV","CUB","LO","GR",1,18,0,0,0,"day_11",0,11
"SNPV","CUB","LO","GR",1,18,0,0,0,"day_12",0,12
"SNPV","CUB","LO","GR",1,18,0,0,0,"day_13",0,13
"SNPV","CUB","LO","GR",1,18,0,0,0,"day_14",0,14
"SNPV","CUB","LO","GR",1,18,0,0,0,"day_15",0,15
"SNPV","CUB","LO","GR",1,18,0,0,0,"day_16",0,16
"SNPV","CUB","LO","GR",1,18,0,0,0,"day_17",0,17
"SNPV","CUB","LO","GR",1,18,0,0,0,"day_18",0,18
"SNPV","CUB","LO","GR",1,18,0,0,0,"day_19",0,19
"SNPV","CUB","LO","GR",1,18,0,0,0,"day_20",0,20
"SNPV","CUB","LO","GR",1,18,0,0,0,"day_21",0,21
"SNPV","CUB","LO","GR",1,18,0,0,0,"day_22",0,22
"SNPV","CUB","LO","GR",1,18,0,0,0,"day_23",0,23
"SNPV","CUB","LO","GR",1,18,0,0,0,"day_24",0,24
"SNPV","CUB","LO","GR",1,18,0,0,0,"day_25",0,25
"SNPV","CUB","LO","GR",1,18,0,0,0,"day_26",0,26
"SNPV","CUB","LO","GR",1,18,0,0,0,"day_27",0,27
"SNPV","CUB","LO","GR",1,18,0,0,0,"day_28",0,28
"SNPV","CUB","LO","DO",1,46,20,0.434782609,14.65,"day_6",2,6
"SNPV","CUB","LO","DO",1,46,20,0.434782609,14.65,"day_7",0,7
"SNPV","CUB","LO","DO",1,46,20,0.434782609,14.65,"day_8",0,8
"SNPV","CUB","LO","DO",1,46,20,0.434782609,14.65,"day_9",0,9
"SNPV","CUB","LO","DO",1,46,20,0.434782609,14.65,"day_10",0,10
"SNPV","CUB","LO","DO",1,46,20,0.434782609,14.65,"day_11",0,11
"SNPV","CUB","LO","DO",1,46,20,0.434782609,14.65,"day_12",0,12
"SNPV","CUB","LO","DO",1,46,20,0.434782609,14.65,"day_13",6,13
"SNPV","CUB","LO","DO",1,46,20,0.434782609,14.65,"day_14",1,14
"SNPV","CUB","LO","DO",1,46,20,0.434782609,14.65,"day_15",4,15
"SNPV","CUB","LO","DO",1,46,20,0.434782609,14.65,"day_16",2,16
"SNPV","CUB","LO","DO",1,46,20,0.434782609,14.65,"day_17",1,17
"SNPV","CUB","LO","DO",1,46,20,0.434782609,14.65,"day_18",2,18
"SNPV","CUB","LO","DO",1,46,20,0.434782609,14.65,"day_19",1,19
"SNPV","CUB","LO","DO",1,46,20,0.434782609,14.65,"day_20",0,20
"SNPV","CUB","LO","DO",1,46,20,0.434782609,14.65,"day_21",0,21
"SNPV","CUB","LO","DO",1,46,20,0.434782609,14.65,"day_22",0,22
"SNPV","CUB","LO","DO",1,46,20,0.434782609,14.65,"day_23",0,23
"SNPV","CUB","LO","DO",1,46,20,0.434782609,14.65,"day_24",0,24
"SNPV","CUB","LO","DO",1,46,20,0.434782609,14.65,"day_25",1,25
"SNPV","CUB","LO","DO",1,46,20,0.434782609,14.65,"day_26",0,26
"SNPV","CUB","LO","DO",1,46,20,0.434782609,14.65,"day_27",0,27
"SNPV","CUB","LO","DO",1,46,20,0.434782609,14.65,"day_28",0,28
"SNPV","LOV","HI","GR",3,31,4,0.129032258,19.25,"day_6",0,6
"SNPV","LOV","HI","GR",3,31,4,0.129032258,19.25,"day_7",0,7
"SNPV","LOV","HI","GR",3,31,4,0.129032258,19.25,"day_8",0,8
"SNPV","LOV","HI","GR",3,31,4,0.129032258,19.25,"day_9",0,9
"SNPV","LOV","HI","GR",3,31,4,0.129032258,19.25,"day_10",0,10
"SNPV","LOV","HI","GR",3,31,4,0.129032258,19.25,"day_11",0,11
"SNPV","LOV","HI","GR",3,31,4,0.129032258,19.25,"day_12",0,12
"SNPV","LOV","HI","GR",3,31,4,0.129032258,19.25,"day_13",1,13
"SNPV","LOV","HI","GR",3,31,4,0.129032258,19.25,"day_14",0,14
"SNPV","LOV","HI","GR",3,31,4,0.129032258,19.25,"day_15",0,15
"SNPV","LOV","HI","GR",3,31,4,0.129032258,19.25,"day_16",0,16
"SNPV","LOV","HI","GR",3,31,4,0.129032258,19.25,"day_17",0,17
"SNPV","LOV","HI","GR",3,31,4,0.129032258,19.25,"day_18",1,18
"SNPV","LOV","HI","GR",3,31,4,0.129032258,19.25,"day_19",0,19
"SNPV","LOV","HI","GR",3,31,4,0.129032258,19.25,"day_20",1,20
"SNPV","LOV","HI","GR",3,31,4,0.129032258,19.25,"day_21",0,21
"SNPV","LOV","HI","GR",3,31,4,0.129032258,19.25,"day_22",0,22
"SNPV","LOV","HI","GR",3,31,4,0.129032258,19.25,"day_23",0,23
"SNPV","LOV","HI","GR",3,31,4,0.129032258,19.25,"day_24",0,24
"SNPV","LOV","HI","GR",3,31,4,0.129032258,19.25,"day_25",0,25
"SNPV","LOV","HI","GR",3,31,4,0.129032258,19.25,"day_26",1,26
"SNPV","LOV","HI","GR",3,31,4,0.129032258,19.25,"day_27",0,27
"SNPV","LOV","HI","GR",3,31,4,0.129032258,19.25,"day_28",0,28
"SNPV","LOV","HI","DO",3,30,7,0.233333333,10.57142857,"day_6",1,6
"SNPV","LOV","HI","DO",3,30,7,0.233333333,10.57142857,"day_7",1,7
"SNPV","LOV","HI","DO",3,30,7,0.233333333,10.57142857,"day_8",0,8
"SNPV","LOV","HI","DO",3,30,7,0.233333333,10.57142857,"day_9",0,9
"SNPV","LOV","HI","DO",3,30,7,0.233333333,10.57142857,"day_10",2,10
"SNPV","LOV","HI","DO",3,30,7,0.233333333,10.57142857,"day_11",0,11
"SNPV","LOV","HI","DO",3,30,7,0.233333333,10.57142857,"day_12",0,12
"SNPV","LOV","HI","DO",3,30,7,0.233333333,10.57142857,"day_13",1,13
"SNPV","LOV","HI","DO",3,30,7,0.233333333,10.57142857,"day_14",2,14
"SNPV","LOV","HI","DO",3,30,7,0.233333333,10.57142857,"day_15",0,15
"SNPV","LOV","HI","DO",3,30,7,0.233333333,10.57142857,"day_16",0,16
"SNPV","LOV","HI","DO",3,30,7,0.233333333,10.57142857,"day_17",0,17
"SNPV","LOV","HI","DO",3,30,7,0.233333333,10.57142857,"day_18",0,18
"SNPV","LOV","HI","DO",3,30,7,0.233333333,10.57142857,"day_19",0,19
"SNPV","LOV","HI","DO",3,30,7,0.233333333,10.57142857,"day_20",0,20
"SNPV","LOV","HI","DO",3,30,7,0.233333333,10.57142857,"day_21",0,21
"SNPV","LOV","HI","DO",3,30,7,0.233333333,10.57142857,"day_22",0,22
"SNPV","LOV","HI","DO",3,30,7,0.233333333,10.57142857,"day_23",0,23
"SNPV","LOV","HI","DO",3,30,7,0.233333333,10.57142857,"day_24",0,24
"SNPV","LOV","HI","DO",3,30,7,0.233333333,10.57142857,"day_25",0,25
"SNPV","LOV","HI","DO",3,30,7,0.233333333,10.57142857,"day_26",0,26
"SNPV","LOV","HI","DO",3,30,7,0.233333333,10.57142857,"day_27",0,27
"SNPV","LOV","HI","DO",3,30,7,0.233333333,10.57142857,"day_28",0,28
"SNPV","LOV","ME","GR",2,8,0,0,0,"day_6",0,6
"SNPV","LOV","ME","GR",2,8,0,0,0,"day_7",0,7
"SNPV","LOV","ME","GR",2,8,0,0,0,"day_8",0,8
"SNPV","LOV","ME","GR",2,8,0,0,0,"day_9",0,9
"SNPV","LOV","ME","GR",2,8,0,0,0,"day_10",0,10
"SNPV","LOV","ME","GR",2,8,0,0,0,"day_11",0,11
"SNPV","LOV","ME","GR",2,8,0,0,0,"day_12",0,12
"SNPV","LOV","ME","GR",2,8,0,0,0,"day_13",0,13
"SNPV","LOV","ME","GR",2,8,0,0,0,"day_14",0,14
"SNPV","LOV","ME","GR",2,8,0,0,0,"day_15",0,15
"SNPV","LOV","ME","GR",2,8,0,0,0,"day_16",0,16
"SNPV","LOV","ME","GR",2,8,0,0,0,"day_17",0,17
"SNPV","LOV","ME","GR",2,8,0,0,0,"day_18",0,18
"SNPV","LOV","ME","GR",2,8,0,0,0,"day_19",0,19
"SNPV","LOV","ME","GR",2,8,0,0,0,"day_20",0,20
"SNPV","LOV","ME","GR",2,8,0,0,0,"day_21",0,21
"SNPV","LOV","ME","GR",2,8,0,0,0,"day_22",0,22
"SNPV","LOV","ME","GR",2,8,0,0,0,"day_23",0,23
"SNPV","LOV","ME","GR",2,8,0,0,0,"day_24",0,24
"SNPV","LOV","ME","GR",2,8,0,0,0,"day_25",0,25
"SNPV","LOV","ME","GR",2,8,0,0,0,"day_26",0,26
"SNPV","LOV","ME","GR",2,8,0,0,0,"day_27",0,27
"SNPV","LOV","ME","GR",2,8,0,0,0,"day_28",0,28
"SNPV","LOV","ME","DO",2,46,10,0.217391304,14,"day_6",0,6
"SNPV","LOV","ME","DO",2,46,10,0.217391304,14,"day_7",0,7
"SNPV","LOV","ME","DO",2,46,10,0.217391304,14,"day_8",0,8
"SNPV","LOV","ME","DO",2,46,10,0.217391304,14,"day_9",0,9
"SNPV","LOV","ME","DO",2,46,10,0.217391304,14,"day_10",2,10
"SNPV","LOV","ME","DO",2,46,10,0.217391304,14,"day_11",1,11
"SNPV","LOV","ME","DO",2,46,10,0.217391304,14,"day_12",2,12
"SNPV","LOV","ME","DO",2,46,10,0.217391304,14,"day_13",2,13
"SNPV","LOV","ME","DO",2,46,10,0.217391304,14,"day_14",0,14
"SNPV","LOV","ME","DO",2,46,10,0.217391304,14,"day_15",1,15
"SNPV","LOV","ME","DO",2,46,10,0.217391304,14,"day_16",0,16
"SNPV","LOV","ME","DO",2,46,10,0.217391304,14,"day_17",0,17
"SNPV","LOV","ME","DO",2,46,10,0.217391304,14,"day_18",0,18
"SNPV","LOV","ME","DO",2,46,10,0.217391304,14,"day_19",0,19
"SNPV","LOV","ME","DO",2,46,10,0.217391304,14,"day_20",0,20
"SNPV","LOV","ME","DO",2,46,10,0.217391304,14,"day_21",1,21
"SNPV","LOV","ME","DO",2,46,10,0.217391304,14,"day_22",0,22
"SNPV","LOV","ME","DO",2,46,10,0.217391304,14,"day_23",1,23
"SNPV","LOV","ME","DO",2,46,10,0.217391304,14,"day_24",0,24
"SNPV","LOV","ME","DO",2,46,10,0.217391304,14,"day_25",0,25
"SNPV","LOV","ME","DO",2,46,10,0.217391304,14,"day_26",0,26
"SNPV","LOV","ME","DO",2,46,10,0.217391304,14,"day_27",0,27
"SNPV","LOV","ME","DO",2,46,10,0.217391304,14,"day_28",0,28
"SNPV","LOV","LO","GR",1,36,9,0.25,12.77777778,"day_6",1,6
"SNPV","LOV","LO","GR",1,36,9,0.25,12.77777778,"day_7",0,7
"SNPV","LOV","LO","GR",1,36,9,0.25,12.77777778,"day_8",0,8
"SNPV","LOV","LO","GR",1,36,9,0.25,12.77777778,"day_9",0,9
"SNPV","LOV","LO","GR",1,36,9,0.25,12.77777778,"day_10",0,10
"SNPV","LOV","LO","GR",1,36,9,0.25,12.77777778,"day_11",2,11
"SNPV","LOV","LO","GR",1,36,9,0.25,12.77777778,"day_12",1,12
"SNPV","LOV","LO","GR",1,36,9,0.25,12.77777778,"day_13",1,13
"SNPV","LOV","LO","GR",1,36,9,0.25,12.77777778,"day_14",1,14
"SNPV","LOV","LO","GR",1,36,9,0.25,12.77777778,"day_15",1,15
"SNPV","LOV","LO","GR",1,36,9,0.25,12.77777778,"day_16",1,16
"SNPV","LOV","LO","GR",1,36,9,0.25,12.77777778,"day_17",1,17
"SNPV","LOV","LO","GR",1,36,9,0.25,12.77777778,"day_18",0,18
"SNPV","LOV","LO","GR",1,36,9,0.25,12.77777778,"day_19",0,19
"SNPV","LOV","LO","GR",1,36,9,0.25,12.77777778,"day_20",0,20
"SNPV","LOV","LO","GR",1,36,9,0.25,12.77777778,"day_21",0,21
"SNPV","LOV","LO","GR",1,36,9,0.25,12.77777778,"day_22",0,22
"SNPV","LOV","LO","GR",1,36,9,0.25,12.77777778,"day_23",0,23
"SNPV","LOV","LO","GR",1,36,9,0.25,12.77777778,"day_24",0,24
"SNPV","LOV","LO","GR",1,36,9,0.25,12.77777778,"day_25",0,25
"SNPV","LOV","LO","GR",1,36,9,0.25,12.77777778,"day_26",0,26
"SNPV","LOV","LO","GR",1,36,9,0.25,12.77777778,"day_27",0,27
"SNPV","LOV","LO","GR",1,36,9,0.25,12.77777778,"day_28",0,28
"SNPV","LOV","LO","DO",1,36,4,0.111111111,14,"day_6",0,6
"SNPV","LOV","LO","DO",1,36,4,0.111111111,14,"day_7",0,7
"SNPV","LOV","LO","DO",1,36,4,0.111111111,14,"day_8",0,8
"SNPV","LOV","LO","DO",1,36,4,0.111111111,14,"day_9",0,9
"SNPV","LOV","LO","DO",1,36,4,0.111111111,14,"day_10",1,10
"SNPV","LOV","LO","DO",1,36,4,0.111111111,14,"day_11",0,11
"SNPV","LOV","LO","DO",1,36,4,0.111111111,14,"day_12",1,12
"SNPV","LOV","LO","DO",1,36,4,0.111111111,14,"day_13",1,13
"SNPV","LOV","LO","DO",1,36,4,0.111111111,14,"day_14",0,14
"SNPV","LOV","LO","DO",1,36,4,0.111111111,14,"day_15",0,15
"SNPV","LOV","LO","DO",1,36,4,0.111111111,14,"day_16",0,16
"SNPV","LOV","LO","DO",1,36,4,0.111111111,14,"day_17",0,17
"SNPV","LOV","LO","DO",1,36,4,0.111111111,14,"day_18",0,18
"SNPV","LOV","LO","DO",1,36,4,0.111111111,14,"day_19",0,19
"SNPV","LOV","LO","DO",1,36,4,0.111111111,14,"day_20",0,20
"SNPV","LOV","LO","DO",1,36,4,0.111111111,14,"day_21",1,21
"SNPV","LOV","LO","DO",1,36,4,0.111111111,14,"day_22",0,22
"SNPV","LOV","LO","DO",1,36,4,0.111111111,14,"day_23",0,23
"SNPV","LOV","LO","DO",1,36,4,0.111111111,14,"day_24",0,24
"SNPV","LOV","LO","DO",1,36,4,0.111111111,14,"day_25",0,25
"SNPV","LOV","LO","DO",1,36,4,0.111111111,14,"day_26",0,26
"SNPV","LOV","LO","DO",1,36,4,0.111111111,14,"day_27",0,27
"SNPV","LOV","LO","DO",1,36,4,0.111111111,14,"day_28",0,28
"SNPV","LST","HI","GR",3,26,3,0.115384615,12.33333333,"day_6",0,6
"SNPV","LST","HI","GR",3,26,3,0.115384615,12.33333333,"day_7",0,7
"SNPV","LST","HI","GR",3,26,3,0.115384615,12.33333333,"day_8",0,8
"SNPV","LST","HI","GR",3,26,3,0.115384615,12.33333333,"day_9",1,9
"SNPV","LST","HI","GR",3,26,3,0.115384615,12.33333333,"day_10",0,10
"SNPV","LST","HI","GR",3,26,3,0.115384615,12.33333333,"day_11",1,11
"SNPV","LST","HI","GR",3,26,3,0.115384615,12.33333333,"day_12",0,12
"SNPV","LST","HI","GR",3,26,3,0.115384615,12.33333333,"day_13",0,13
"SNPV","LST","HI","GR",3,26,3,0.115384615,12.33333333,"day_14",0,14
"SNPV","LST","HI","GR",3,26,3,0.115384615,12.33333333,"day_15",0,15
"SNPV","LST","HI","GR",3,26,3,0.115384615,12.33333333,"day_16",0,16
"SNPV","LST","HI","GR",3,26,3,0.115384615,12.33333333,"day_17",1,17
"SNPV","LST","HI","GR",3,26,3,0.115384615,12.33333333,"day_18",0,18
"SNPV","LST","HI","GR",3,26,3,0.115384615,12.33333333,"day_19",0,19
"SNPV","LST","HI","GR",3,26,3,0.115384615,12.33333333,"day_20",0,20
"SNPV","LST","HI","GR",3,26,3,0.115384615,12.33333333,"day_21",0,21
"SNPV","LST","HI","GR",3,26,3,0.115384615,12.33333333,"day_22",0,22
"SNPV","LST","HI","GR",3,26,3,0.115384615,12.33333333,"day_23",0,23
"SNPV","LST","HI","GR",3,26,3,0.115384615,12.33333333,"day_24",0,24
"SNPV","LST","HI","GR",3,26,3,0.115384615,12.33333333,"day_25",0,25
"SNPV","LST","HI","GR",3,26,3,0.115384615,12.33333333,"day_26",0,26
"SNPV","LST","HI","GR",3,26,3,0.115384615,12.33333333,"day_27",0,27
"SNPV","LST","HI","GR",3,26,3,0.115384615,12.33333333,"day_28",0,28
"SNPV","LST","HI","DO",3,20,1,0.05,16,"day_6",0,6
"SNPV","LST","HI","DO",3,20,1,0.05,16,"day_7",0,7
"SNPV","LST","HI","DO",3,20,1,0.05,16,"day_8",0,8
"SNPV","LST","HI","DO",3,20,1,0.05,16,"day_9",0,9
"SNPV","LST","HI","DO",3,20,1,0.05,16,"day_10",0,10
"SNPV","LST","HI","DO",3,20,1,0.05,16,"day_11",0,11
"SNPV","LST","HI","DO",3,20,1,0.05,16,"day_12",0,12
"SNPV","LST","HI","DO",3,20,1,0.05,16,"day_13",0,13
"SNPV","LST","HI","DO",3,20,1,0.05,16,"day_14",0,14
"SNPV","LST","HI","DO",3,20,1,0.05,16,"day_15",0,15
"SNPV","LST","HI","DO",3,20,1,0.05,16,"day_16",1,16
"SNPV","LST","HI","DO",3,20,1,0.05,16,"day_17",0,17
"SNPV","LST","HI","DO",3,20,1,0.05,16,"day_18",0,18
"SNPV","LST","HI","DO",3,20,1,0.05,16,"day_19",0,19
"SNPV","LST","HI","DO",3,20,1,0.05,16,"day_20",0,20
"SNPV","LST","HI","DO",3,20,1,0.05,16,"day_21",0,21
"SNPV","LST","HI","DO",3,20,1,0.05,16,"day_22",0,22
"SNPV","LST","HI","DO",3,20,1,0.05,16,"day_23",0,23
"SNPV","LST","HI","DO",3,20,1,0.05,16,"day_24",0,24
"SNPV","LST","HI","DO",3,20,1,0.05,16,"day_25",0,25
"SNPV","LST","HI","DO",3,20,1,0.05,16,"day_26",0,26
"SNPV","LST","HI","DO",3,20,1,0.05,16,"day_27",0,27
"SNPV","LST","HI","DO",3,20,1,0.05,16,"day_28",0,28
"SNPV","LST","ME","GR",2,19,0,0,0,"day_6",0,6
"SNPV","LST","ME","GR",2,19,0,0,0,"day_7",0,7
"SNPV","LST","ME","GR",2,19,0,0,0,"day_8",0,8
"SNPV","LST","ME","GR",2,19,0,0,0,"day_9",0,9
"SNPV","LST","ME","GR",2,19,0,0,0,"day_10",0,10
"SNPV","LST","ME","GR",2,19,0,0,0,"day_11",0,11
"SNPV","LST","ME","GR",2,19,0,0,0,"day_12",0,12
"SNPV","LST","ME","GR",2,19,0,0,0,"day_13",0,13
"SNPV","LST","ME","GR",2,19,0,0,0,"day_14",0,14
"SNPV","LST","ME","GR",2,19,0,0,0,"day_15",0,15
"SNPV","LST","ME","GR",2,19,0,0,0,"day_16",0,16
"SNPV","LST","ME","GR",2,19,0,0,0,"day_17",0,17
"SNPV","LST","ME","GR",2,19,0,0,0,"day_18",0,18
"SNPV","LST","ME","GR",2,19,0,0,0,"day_19",0,19
"SNPV","LST","ME","GR",2,19,0,0,0,"day_20",0,20
"SNPV","LST","ME","GR",2,19,0,0,0,"day_21",0,21
"SNPV","LST","ME","GR",2,19,0,0,0,"day_22",0,22
"SNPV","LST","ME","GR",2,19,0,0,0,"day_23",0,23
"SNPV","LST","ME","GR",2,19,0,0,0,"day_24",0,24
"SNPV","LST","ME","GR",2,19,0,0,0,"day_25",0,25
"SNPV","LST","ME","GR",2,19,0,0,0,"day_26",0,26
"SNPV","LST","ME","GR",2,19,0,0,0,"day_27",0,27
"SNPV","LST","ME","GR",2,19,0,0,0,"day_28",0,28
"SNPV","LST","ME","DO",2,26,5,0.192307692,15.8,"day_6",0,6
"SNPV","LST","ME","DO",2,26,5,0.192307692,15.8,"day_7",0,7
"SNPV","LST","ME","DO",2,26,5,0.192307692,15.8,"day_8",0,8
"SNPV","LST","ME","DO",2,26,5,0.192307692,15.8,"day_9",0,9
"SNPV","LST","ME","DO",2,26,5,0.192307692,15.8,"day_10",0,10
"SNPV","LST","ME","DO",2,26,5,0.192307692,15.8,"day_11",0,11
"SNPV","LST","ME","DO",2,26,5,0.192307692,15.8,"day_12",0,12
"SNPV","LST","ME","DO",2,26,5,0.192307692,15.8,"day_13",1,13
"SNPV","LST","ME","DO",2,26,5,0.192307692,15.8,"day_14",0,14
"SNPV","LST","ME","DO",2,26,5,0.192307692,15.8,"day_15",1,15
"SNPV","LST","ME","DO",2,26,5,0.192307692,15.8,"day_16",2,16
"SNPV","LST","ME","DO",2,26,5,0.192307692,15.8,"day_17",0,17
"SNPV","LST","ME","DO",2,26,5,0.192307692,15.8,"day_18",0,18
"SNPV","LST","ME","DO",2,26,5,0.192307692,15.8,"day_19",1,19
"SNPV","LST","ME","DO",2,26,5,0.192307692,15.8,"day_20",0,20
"SNPV","LST","ME","DO",2,26,5,0.192307692,15.8,"day_21",0,21
"SNPV","LST","ME","DO",2,26,5,0.192307692,15.8,"day_22",0,22
"SNPV","LST","ME","DO",2,26,5,0.192307692,15.8,"day_23",0,23
"SNPV","LST","ME","DO",2,26,5,0.192307692,15.8,"day_24",0,24
"SNPV","LST","ME","DO",2,26,5,0.192307692,15.8,"day_25",0,25
"SNPV","LST","ME","DO",2,26,5,0.192307692,15.8,"day_26",0,26
"SNPV","LST","ME","DO",2,26,5,0.192307692,15.8,"day_27",0,27
"SNPV","LST","ME","DO",2,26,5,0.192307692,15.8,"day_28",0,28
"SNPV","LST","LO","GR",1,38,5,0.131578947,12.4,"day_6",1,6
"SNPV","LST","LO","GR",1,38,5,0.131578947,12.4,"day_7",0,7
"SNPV","LST","LO","GR",1,38,5,0.131578947,12.4,"day_8",0,8
"SNPV","LST","LO","GR",1,38,5,0.131578947,12.4,"day_9",0,9
"SNPV","LST","LO","GR",1,38,5,0.131578947,12.4,"day_10",0,10
"SNPV","LST","LO","GR",1,38,5,0.131578947,12.4,"day_11",1,11
"SNPV","LST","LO","GR",1,38,5,0.131578947,12.4,"day_12",0,12
"SNPV","LST","LO","GR",1,38,5,0.131578947,12.4,"day_13",2,13
"SNPV","LST","LO","GR",1,38,5,0.131578947,12.4,"day_14",0,14
"SNPV","LST","LO","GR",1,38,5,0.131578947,12.4,"day_15",0,15
"SNPV","LST","LO","GR",1,38,5,0.131578947,12.4,"day_16",0,16
"SNPV","LST","LO","GR",1,38,5,0.131578947,12.4,"day_17",0,17
"SNPV","LST","LO","GR",1,38,5,0.131578947,12.4,"day_18",0,18
"SNPV","LST","LO","GR",1,38,5,0.131578947,12.4,"day_19",1,19
"SNPV","LST","LO","GR",1,38,5,0.131578947,12.4,"day_20",0,20
"SNPV","LST","LO","GR",1,38,5,0.131578947,12.4,"day_21",0,21
"SNPV","LST","LO","GR",1,38,5,0.131578947,12.4,"day_22",0,22
"SNPV","LST","LO","GR",1,38,5,0.131578947,12.4,"day_23",0,23
"SNPV","LST","LO","GR",1,38,5,0.131578947,12.4,"day_24",0,24
"SNPV","LST","LO","GR",1,38,5,0.131578947,12.4,"day_25",0,25
"SNPV","LST","LO","GR",1,38,5,0.131578947,12.4,"day_26",0,26
"SNPV","LST","LO","GR",1,38,5,0.131578947,12.4,"day_27",0,27
"SNPV","LST","LO","GR",1,38,5,0.131578947,12.4,"day_28",0,28
"SNPV","LST","LO","DO",1,36,7,0.194444444,15.14285714,"day_6",0,6
"SNPV","LST","LO","DO",1,36,7,0.194444444,15.14285714,"day_7",0,7
"SNPV","LST","LO","DO",1,36,7,0.194444444,15.14285714,"day_8",0,8
"SNPV","LST","LO","DO",1,36,7,0.194444444,15.14285714,"day_9",0,9
"SNPV","LST","LO","DO",1,36,7,0.194444444,15.14285714,"day_10",0,10
"SNPV","LST","LO","DO",1,36,7,0.194444444,15.14285714,"day_11",1,11
"SNPV","LST","LO","DO",1,36,7,0.194444444,15.14285714,"day_12",0,12
"SNPV","LST","LO","DO",1,36,7,0.194444444,15.14285714,"day_13",1,13
"SNPV","LST","LO","DO",1,36,7,0.194444444,15.14285714,"day_14",0,14
"SNPV","LST","LO","DO",1,36,7,0.194444444,15.14285714,"day_15",3,15
"SNPV","LST","LO","DO",1,36,7,0.194444444,15.14285714,"day_16",1,16
"SNPV","LST","LO","DO",1,36,7,0.194444444,15.14285714,"day_17",0,17
"SNPV","LST","LO","DO",1,36,7,0.194444444,15.14285714,"day_18",0,18
"SNPV","LST","LO","DO",1,36,7,0.194444444,15.14285714,"day_19",0,19
"SNPV","LST","LO","DO",1,36,7,0.194444444,15.14285714,"day_20",0,20
"SNPV","LST","LO","DO",1,36,7,0.194444444,15.14285714,"day_21",1,21
"SNPV","LST","LO","DO",1,36,7,0.194444444,15.14285714,"day_22",0,22
"SNPV","LST","LO","DO",1,36,7,0.194444444,15.14285714,"day_23",0,23
"SNPV","LST","LO","DO",1,36,7,0.194444444,15.14285714,"day_24",0,24
"SNPV","LST","LO","DO",1,36,7,0.194444444,15.14285714,"day_25",0,25
"SNPV","LST","LO","DO",1,36,7,0.194444444,15.14285714,"day_26",0,26
"SNPV","LST","LO","DO",1,36,7,0.194444444,15.14285714,"day_27",0,27
"SNPV","LST","LO","DO",1,36,7,0.194444444,15.14285714,"day_28",0,28
"MNPV","DRY","HI","GR",3,37,25,0.675675676,13.56,"day_6",0,6
"MNPV","DRY","HI","GR",3,37,25,0.675675676,13.56,"day_7",0,7
"MNPV","DRY","HI","GR",3,37,25,0.675675676,13.56,"day_8",0,8
"MNPV","DRY","HI","GR",3,37,25,0.675675676,13.56,"day_9",0,9
"MNPV","DRY","HI","GR",3,37,25,0.675675676,13.56,"day_10",3,10
"MNPV","DRY","HI","GR",3,37,25,0.675675676,13.56,"day_11",4,11
"MNPV","DRY","HI","GR",3,37,25,0.675675676,13.56,"day_12",3,12
"MNPV","DRY","HI","GR",3,37,25,0.675675676,13.56,"day_13",3,13
"MNPV","DRY","HI","GR",3,37,25,0.675675676,13.56,"day_14",3,14
"MNPV","DRY","HI","GR",3,37,25,0.675675676,13.56,"day_15",3,15
"MNPV","DRY","HI","GR",3,37,25,0.675675676,13.56,"day_16",5,16
"MNPV","DRY","HI","GR",3,37,25,0.675675676,13.56,"day_17",0,17
"MNPV","DRY","HI","GR",3,37,25,0.675675676,13.56,"day_18",0,18
"MNPV","DRY","HI","GR",3,37,25,0.675675676,13.56,"day_19",0,19
"MNPV","DRY","HI","GR",3,37,25,0.675675676,13.56,"day_20",0,20
"MNPV","DRY","HI","GR",3,37,25,0.675675676,13.56,"day_21",0,21
"MNPV","DRY","HI","GR",3,37,25,0.675675676,13.56,"day_22",0,22
"MNPV","DRY","HI","GR",3,37,25,0.675675676,13.56,"day_23",1,23
"MNPV","DRY","HI","GR",3,37,25,0.675675676,13.56,"day_24",0,24
"MNPV","DRY","HI","GR",3,37,25,0.675675676,13.56,"day_25",0,25
"MNPV","DRY","HI","GR",3,37,25,0.675675676,13.56,"day_26",0,26
"MNPV","DRY","HI","GR",3,37,25,0.675675676,13.56,"day_27",0,27
"MNPV","DRY","HI","GR",3,37,25,0.675675676,13.56,"day_28",0,28
"MNPV","DRY","HI","DO",3,29,28,0.965517241,12.42857143,"day_6",0,6
"MNPV","DRY","HI","DO",3,29,28,0.965517241,12.42857143,"day_7",0,7
"MNPV","DRY","HI","DO",3,29,28,0.965517241,12.42857143,"day_8",0,8
"MNPV","DRY","HI","DO",3,29,28,0.965517241,12.42857143,"day_9",1,9
"MNPV","DRY","HI","DO",3,29,28,0.965517241,12.42857143,"day_10",2,10
"MNPV","DRY","HI","DO",3,29,28,0.965517241,12.42857143,"day_11",6,11
"MNPV","DRY","HI","DO",3,29,28,0.965517241,12.42857143,"day_12",6,12
"MNPV","DRY","HI","DO",3,29,28,0.965517241,12.42857143,"day_13",6,13
"MNPV","DRY","HI","DO",3,29,28,0.965517241,12.42857143,"day_14",6,14
"MNPV","DRY","HI","DO",3,29,28,0.965517241,12.42857143,"day_15",0,15
"MNPV","DRY","HI","DO",3,29,28,0.965517241,12.42857143,"day_16",0,16
"MNPV","DRY","HI","DO",3,29,28,0.965517241,12.42857143,"day_17",0,17
"MNPV","DRY","HI","DO",3,29,28,0.965517241,12.42857143,"day_18",0,18
"MNPV","DRY","HI","DO",3,29,28,0.965517241,12.42857143,"day_19",1,19
"MNPV","DRY","HI","DO",3,29,28,0.965517241,12.42857143,"day_20",0,20
"MNPV","DRY","HI","DO",3,29,28,0.965517241,12.42857143,"day_21",0,21
"MNPV","DRY","HI","DO",3,29,28,0.965517241,12.42857143,"day_22",0,22
"MNPV","DRY","HI","DO",3,29,28,0.965517241,12.42857143,"day_23",0,23
"MNPV","DRY","HI","DO",3,29,28,0.965517241,12.42857143,"day_24",0,24
"MNPV","DRY","HI","DO",3,29,28,0.965517241,12.42857143,"day_25",0,25
"MNPV","DRY","HI","DO",3,29,28,0.965517241,12.42857143,"day_26",0,26
"MNPV","DRY","HI","DO",3,29,28,0.965517241,12.42857143,"day_27",0,27
"MNPV","DRY","HI","DO",3,29,28,0.965517241,12.42857143,"day_28",0,28
"MNPV","DRY","ME","GR",2,29,15,0.517241379,15,"day_6",0,6
"MNPV","DRY","ME","GR",2,29,15,0.517241379,15,"day_7",0,7
"MNPV","DRY","ME","GR",2,29,15,0.517241379,15,"day_8",1,8
"MNPV","DRY","ME","GR",2,29,15,0.517241379,15,"day_9",0,9
"MNPV","DRY","ME","GR",2,29,15,0.517241379,15,"day_10",0,10
"MNPV","DRY","ME","GR",2,29,15,0.517241379,15,"day_11",1,11
"MNPV","DRY","ME","GR",2,29,15,0.517241379,15,"day_12",3,12
"MNPV","DRY","ME","GR",2,29,15,0.517241379,15,"day_13",1,13
"MNPV","DRY","ME","GR",2,29,15,0.517241379,15,"day_14",2,14
"MNPV","DRY","ME","GR",2,29,15,0.517241379,15,"day_15",1,15
"MNPV","DRY","ME","GR",2,29,15,0.517241379,15,"day_16",2,16
"MNPV","DRY","ME","GR",2,29,15,0.517241379,15,"day_17",2,17
"MNPV","DRY","ME","GR",2,29,15,0.517241379,15,"day_18",0,18
"MNPV","DRY","ME","GR",2,29,15,0.517241379,15,"day_19",0,19
"MNPV","DRY","ME","GR",2,29,15,0.517241379,15,"day_20",0,20
"MNPV","DRY","ME","GR",2,29,15,0.517241379,15,"day_21",0,21
"MNPV","DRY","ME","GR",2,29,15,0.517241379,15,"day_22",0,22
"MNPV","DRY","ME","GR",2,29,15,0.517241379,15,"day_23",0,23
"MNPV","DRY","ME","GR",2,29,15,0.517241379,15,"day_24",2,24
"MNPV","DRY","ME","GR",2,29,15,0.517241379,15,"day_25",0,25
"MNPV","DRY","ME","GR",2,29,15,0.517241379,15,"day_26",0,26
"MNPV","DRY","ME","GR",2,29,15,0.517241379,15,"day_27",0,27
"MNPV","DRY","ME","GR",2,29,15,0.517241379,15,"day_28",0,28
"MNPV","DRY","ME","DO",2,15,12,0.8,12.08333333,"day_6",0,6
"MNPV","DRY","ME","DO",2,15,12,0.8,12.08333333,"day_7",0,7
"MNPV","DRY","ME","DO",2,15,12,0.8,12.08333333,"day_8",0,8
"MNPV","DRY","ME","DO",2,15,12,0.8,12.08333333,"day_9",1,9
"MNPV","DRY","ME","DO",2,15,12,0.8,12.08333333,"day_10",1,10
"MNPV","DRY","ME","DO",2,15,12,0.8,12.08333333,"day_11",4,11
"MNPV","DRY","ME","DO",2,15,12,0.8,12.08333333,"day_12",2,12
"MNPV","DRY","ME","DO",2,15,12,0.8,12.08333333,"day_13",2,13
"MNPV","DRY","ME","DO",2,15,12,0.8,12.08333333,"day_14",0,14
"MNPV","DRY","ME","DO",2,15,12,0.8,12.08333333,"day_15",0,15
"MNPV","DRY","ME","DO",2,15,12,0.8,12.08333333,"day_16",2,16
"MNPV","DRY","ME","DO",2,15,12,0.8,12.08333333,"day_17",0,17
"MNPV","DRY","ME","DO",2,15,12,0.8,12.08333333,"day_18",0,18
"MNPV","DRY","ME","DO",2,15,12,0.8,12.08333333,"day_19",0,19
"MNPV","DRY","ME","DO",2,15,12,0.8,12.08333333,"day_20",0,20
"MNPV","DRY","ME","DO",2,15,12,0.8,12.08333333,"day_21",0,21
"MNPV","DRY","ME","DO",2,15,12,0.8,12.08333333,"day_22",0,22
"MNPV","DRY","ME","DO",2,15,12,0.8,12.08333333,"day_23",0,23
"MNPV","DRY","ME","DO",2,15,12,0.8,12.08333333,"day_24",0,24
"MNPV","DRY","ME","DO",2,15,12,0.8,12.08333333,"day_25",0,25
"MNPV","DRY","ME","DO",2,15,12,0.8,12.08333333,"day_26",0,26
"MNPV","DRY","ME","DO",2,15,12,0.8,12.08333333,"day_27",0,27
"MNPV","DRY","ME","DO",2,15,12,0.8,12.08333333,"day_28",0,28
"MNPV","DRY","LO","GR",1,36,11,0.305555556,12.81818182,"day_6",0,6
"MNPV","DRY","LO","GR",1,36,11,0.305555556,12.81818182,"day_7",0,7
"MNPV","DRY","LO","GR",1,36,11,0.305555556,12.81818182,"day_8",1,8
"MNPV","DRY","LO","GR",1,36,11,0.305555556,12.81818182,"day_9",0,9
"MNPV","DRY","LO","GR",1,36,11,0.305555556,12.81818182,"day_10",1,10
"MNPV","DRY","LO","GR",1,36,11,0.305555556,12.81818182,"day_11",2,11
"MNPV","DRY","LO","GR",1,36,11,0.305555556,12.81818182,"day_12",3,12
"MNPV","DRY","LO","GR",1,36,11,0.305555556,12.81818182,"day_13",1,13
"MNPV","DRY","LO","GR",1,36,11,0.305555556,12.81818182,"day_14",1,14
"MNPV","DRY","LO","GR",1,36,11,0.305555556,12.81818182,"day_15",0,15
"MNPV","DRY","LO","GR",1,36,11,0.305555556,12.81818182,"day_16",0,16
"MNPV","DRY","LO","GR",1,36,11,0.305555556,12.81818182,"day_17",1,17
"MNPV","DRY","LO","GR",1,36,11,0.305555556,12.81818182,"day_18",0,18
"MNPV","DRY","LO","GR",1,36,11,0.305555556,12.81818182,"day_19",0,19
"MNPV","DRY","LO","GR",1,36,11,0.305555556,12.81818182,"day_20",0,20
"MNPV","DRY","LO","GR",1,36,11,0.305555556,12.81818182,"day_21",1,21
"MNPV","DRY","LO","GR",1,36,11,0.305555556,12.81818182,"day_22",0,22
"MNPV","DRY","LO","GR",1,36,11,0.305555556,12.81818182,"day_23",0,23
"MNPV","DRY","LO","GR",1,36,11,0.305555556,12.81818182,"day_24",0,24
"MNPV","DRY","LO","GR",1,36,11,0.305555556,12.81818182,"day_25",0,25
"MNPV","DRY","LO","GR",1,36,11,0.305555556,12.81818182,"day_26",0,26
"MNPV","DRY","LO","GR",1,36,11,0.305555556,12.81818182,"day_27",0,27
"MNPV","DRY","LO","GR",1,36,11,0.305555556,12.81818182,"day_28",0,28
"MNPV","DRY","LO","DO",1,33,29,0.878787879,11.72413793,"day_6",0,6
"MNPV","DRY","LO","DO",1,33,29,0.878787879,11.72413793,"day_7",0,7
"MNPV","DRY","LO","DO",1,33,29,0.878787879,11.72413793,"day_8",1,8
"MNPV","DRY","LO","DO",1,33,29,0.878787879,11.72413793,"day_9",2,9
"MNPV","DRY","LO","DO",1,33,29,0.878787879,11.72413793,"day_10",2,10
"MNPV","DRY","LO","DO",1,33,29,0.878787879,11.72413793,"day_11",8,11
"MNPV","DRY","LO","DO",1,33,29,0.878787879,11.72413793,"day_12",8,12
"MNPV","DRY","LO","DO",1,33,29,0.878787879,11.72413793,"day_13",5,13
"MNPV","DRY","LO","DO",1,33,29,0.878787879,11.72413793,"day_14",1,14
"MNPV","DRY","LO","DO",1,33,29,0.878787879,11.72413793,"day_15",1,15
"MNPV","DRY","LO","DO",1,33,29,0.878787879,11.72413793,"day_16",1,16
"MNPV","DRY","LO","DO",1,33,29,0.878787879,11.72413793,"day_17",0,17
"MNPV","DRY","LO","DO",1,33,29,0.878787879,11.72413793,"day_18",0,18
"MNPV","DRY","LO","DO",1,33,29,0.878787879,11.72413793,"day_19",0,19
"MNPV","DRY","LO","DO",1,33,29,0.878787879,11.72413793,"day_20",0,20
"MNPV","DRY","LO","DO",1,33,29,0.878787879,11.72413793,"day_21",0,21
"MNPV","DRY","LO","DO",1,33,29,0.878787879,11.72413793,"day_22",0,22
"MNPV","DRY","LO","DO",1,33,29,0.878787879,11.72413793,"day_23",0,23
"MNPV","DRY","LO","DO",1,33,29,0.878787879,11.72413793,"day_24",0,24
"MNPV","DRY","LO","DO",1,33,29,0.878787879,11.72413793,"day_25",0,25
"MNPV","DRY","LO","DO",1,33,29,0.878787879,11.72413793,"day_26",0,26
"MNPV","DRY","LO","DO",1,33,29,0.878787879,11.72413793,"day_27",0,27
"MNPV","DRY","LO","DO",1,33,29,0.878787879,11.72413793,"day_28",0,28
"MNPV","KLP","HI","GR",3,20,0,0,0,"day_6",0,6
"MNPV","KLP","HI","GR",3,20,0,0,0,"day_7",0,7
"MNPV","KLP","HI","GR",3,20,0,0,0,"day_8",0,8
"MNPV","KLP","HI","GR",3,20,0,0,0,"day_9",0,9
"MNPV","KLP","HI","GR",3,20,0,0,0,"day_10",0,10
"MNPV","KLP","HI","GR",3,20,0,0,0,"day_11",0,11
"MNPV","KLP","HI","GR",3,20,0,0,0,"day_12",0,12
"MNPV","KLP","HI","GR",3,20,0,0,0,"day_13",0,13
"MNPV","KLP","HI","GR",3,20,0,0,0,"day_14",0,14
"MNPV","KLP","HI","GR",3,20,0,0,0,"day_15",0,15
"MNPV","KLP","HI","GR",3,20,0,0,0,"day_16",0,16
"MNPV","KLP","HI","GR",3,20,0,0,0,"day_17",0,17
"MNPV","KLP","HI","GR",3,20,0,0,0,"day_18",0,18
"MNPV","KLP","HI","GR",3,20,0,0,0,"day_19",0,19
"MNPV","KLP","HI","GR",3,20,0,0,0,"day_20",0,20
"MNPV","KLP","HI","GR",3,20,0,0,0,"day_21",0,21
"MNPV","KLP","HI","GR",3,20,0,0,0,"day_22",0,22
"MNPV","KLP","HI","GR",3,20,0,0,0,"day_23",0,23
"MNPV","KLP","HI","GR",3,20,0,0,0,"day_24",0,24
"MNPV","KLP","HI","GR",3,20,0,0,0,"day_25",0,25
"MNPV","KLP","HI","GR",3,20,0,0,0,"day_26",0,26
"MNPV","KLP","HI","GR",3,20,0,0,0,"day_27",0,27
"MNPV","KLP","HI","GR",3,20,0,0,0,"day_28",0,28
"MNPV","KLP","HI","DO",3,30,19,0.633333333,13.89473684,"day_6",0,6
"MNPV","KLP","HI","DO",3,30,19,0.633333333,13.89473684,"day_7",0,7
"MNPV","KLP","HI","DO",3,30,19,0.633333333,13.89473684,"day_8",0,8
"MNPV","KLP","HI","DO",3,30,19,0.633333333,13.89473684,"day_9",0,9
"MNPV","KLP","HI","DO",3,30,19,0.633333333,13.89473684,"day_10",4,10
"MNPV","KLP","HI","DO",3,30,19,0.633333333,13.89473684,"day_11",0,11
"MNPV","KLP","HI","DO",3,30,19,0.633333333,13.89473684,"day_12",4,12
"MNPV","KLP","HI","DO",3,30,19,0.633333333,13.89473684,"day_13",1,13
"MNPV","KLP","HI","DO",3,30,19,0.633333333,13.89473684,"day_14",2,14
"MNPV","KLP","HI","DO",3,30,19,0.633333333,13.89473684,"day_15",2,15
"MNPV","KLP","HI","DO",3,30,19,0.633333333,13.89473684,"day_16",2,16
"MNPV","KLP","HI","DO",3,30,19,0.633333333,13.89473684,"day_17",3,17
"MNPV","KLP","HI","DO",3,30,19,0.633333333,13.89473684,"day_18",0,18
"MNPV","KLP","HI","DO",3,30,19,0.633333333,13.89473684,"day_19",0,19
"MNPV","KLP","HI","DO",3,30,19,0.633333333,13.89473684,"day_20",0,20
"MNPV","KLP","HI","DO",3,30,19,0.633333333,13.89473684,"day_21",0,21
"MNPV","KLP","HI","DO",3,30,19,0.633333333,13.89473684,"day_22",1,22
"MNPV","KLP","HI","DO",3,30,19,0.633333333,13.89473684,"day_23",0,23
"MNPV","KLP","HI","DO",3,30,19,0.633333333,13.89473684,"day_24",0,24
"MNPV","KLP","HI","DO",3,30,19,0.633333333,13.89473684,"day_25",0,25
"MNPV","KLP","HI","DO",3,30,19,0.633333333,13.89473684,"day_26",0,26
"MNPV","KLP","HI","DO",3,30,19,0.633333333,13.89473684,"day_27",0,27
"MNPV","KLP","HI","DO",3,30,19,0.633333333,13.89473684,"day_28",0,28
"MNPV","KLP","ME","GR",2,47,2,0.042553191,10,"day_6",0,6
"MNPV","KLP","ME","GR",2,47,2,0.042553191,10,"day_7",0,7
"MNPV","KLP","ME","GR",2,47,2,0.042553191,10,"day_8",0,8
"MNPV","KLP","ME","GR",2,47,2,0.042553191,10,"day_9",1,9
"MNPV","KLP","ME","GR",2,47,2,0.042553191,10,"day_10",0,10
"MNPV","KLP","ME","GR",2,47,2,0.042553191,10,"day_11",1,11
"MNPV","KLP","ME","GR",2,47,2,0.042553191,10,"day_12",0,12
"MNPV","KLP","ME","GR",2,47,2,0.042553191,10,"day_13",0,13
"MNPV","KLP","ME","GR",2,47,2,0.042553191,10,"day_14",0,14
"MNPV","KLP","ME","GR",2,47,2,0.042553191,10,"day_15",0,15
"MNPV","KLP","ME","GR",2,47,2,0.042553191,10,"day_16",0,16
"MNPV","KLP","ME","GR",2,47,2,0.042553191,10,"day_17",0,17
"MNPV","KLP","ME","GR",2,47,2,0.042553191,10,"day_18",0,18
"MNPV","KLP","ME","GR",2,47,2,0.042553191,10,"day_19",0,19
"MNPV","KLP","ME","GR",2,47,2,0.042553191,10,"day_20",0,20
"MNPV","KLP","ME","GR",2,47,2,0.042553191,10,"day_21",0,21
"MNPV","KLP","ME","GR",2,47,2,0.042553191,10,"day_22",0,22
"MNPV","KLP","ME","GR",2,47,2,0.042553191,10,"day_23",0,23
"MNPV","KLP","ME","GR",2,47,2,0.042553191,10,"day_24",0,24
"MNPV","KLP","ME","GR",2,47,2,0.042553191,10,"day_25",0,25
"MNPV","KLP","ME","GR",2,47,2,0.042553191,10,"day_26",0,26
"MNPV","KLP","ME","GR",2,47,2,0.042553191,10,"day_27",0,27
"MNPV","KLP","ME","GR",2,47,2,0.042553191,10,"day_28",0,28
"MNPV","KLP","ME","DO",2,26,12,0.461538462,13.41666667,"day_6",0,6
"MNPV","KLP","ME","DO",2,26,12,0.461538462,13.41666667,"day_7",0,7
"MNPV","KLP","ME","DO",2,26,12,0.461538462,13.41666667,"day_8",0,8
"MNPV","KLP","ME","DO",2,26,12,0.461538462,13.41666667,"day_9",1,9
"MNPV","KLP","ME","DO",2,26,12,0.461538462,13.41666667,"day_10",2,10
"MNPV","KLP","ME","DO",2,26,12,0.461538462,13.41666667,"day_11",2,11
"MNPV","KLP","ME","DO",2,26,12,0.461538462,13.41666667,"day_12",0,12
"MNPV","KLP","ME","DO",2,26,12,0.461538462,13.41666667,"day_13",1,13
"MNPV","KLP","ME","DO",2,26,12,0.461538462,13.41666667,"day_14",1,14
"MNPV","KLP","ME","DO",2,26,12,0.461538462,13.41666667,"day_15",1,15
"MNPV","KLP","ME","DO",2,26,12,0.461538462,13.41666667,"day_16",2,16
"MNPV","KLP","ME","DO",2,26,12,0.461538462,13.41666667,"day_17",1,17
"MNPV","KLP","ME","DO",2,26,12,0.461538462,13.41666667,"day_18",0,18
"MNPV","KLP","ME","DO",2,26,12,0.461538462,13.41666667,"day_19",1,19
"MNPV","KLP","ME","DO",2,26,12,0.461538462,13.41666667,"day_20",0,20
"MNPV","KLP","ME","DO",2,26,12,0.461538462,13.41666667,"day_21",0,21
"MNPV","KLP","ME","DO",2,26,12,0.461538462,13.41666667,"day_22",0,22
"MNPV","KLP","ME","DO",2,26,12,0.461538462,13.41666667,"day_23",0,23
"MNPV","KLP","ME","DO",2,26,12,0.461538462,13.41666667,"day_24",0,24
"MNPV","KLP","ME","DO",2,26,12,0.461538462,13.41666667,"day_25",0,25
"MNPV","KLP","ME","DO",2,26,12,0.461538462,13.41666667,"day_26",0,26
"MNPV","KLP","ME","DO",2,26,12,0.461538462,13.41666667,"day_27",0,27
"MNPV","KLP","ME","DO",2,26,12,0.461538462,13.41666667,"day_28",0,28
"MNPV","KLP","LO","GR",1,25,0,0,0,"day_6",0,6
"MNPV","KLP","LO","GR",1,25,0,0,0,"day_7",0,7
"MNPV","KLP","LO","GR",1,25,0,0,0,"day_8",0,8
"MNPV","KLP","LO","GR",1,25,0,0,0,"day_9",0,9
"MNPV","KLP","LO","GR",1,25,0,0,0,"day_10",0,10
"MNPV","KLP","LO","GR",1,25,0,0,0,"day_11",0,11
"MNPV","KLP","LO","GR",1,25,0,0,0,"day_12",0,12
"MNPV","KLP","LO","GR",1,25,0,0,0,"day_13",0,13
"MNPV","KLP","LO","GR",1,25,0,0,0,"day_14",0,14
"MNPV","KLP","LO","GR",1,25,0,0,0,"day_15",0,15
"MNPV","KLP","LO","GR",1,25,0,0,0,"day_16",0,16
"MNPV","KLP","LO","GR",1,25,0,0,0,"day_17",0,17
"MNPV","KLP","LO","GR",1,25,0,0,0,"day_18",0,18
"MNPV","KLP","LO","GR",1,25,0,0,0,"day_19",0,19
"MNPV","KLP","LO","GR",1,25,0,0,0,"day_20",0,20
"MNPV","KLP","LO","GR",1,25,0,0,0,"day_21",0,21
"MNPV","KLP","LO","GR",1,25,0,0,0,"day_22",0,22
"MNPV","KLP","LO","GR",1,25,0,0,0,"day_23",0,23
"MNPV","KLP","LO","GR",1,25,0,0,0,"day_24",0,24
"MNPV","KLP","LO","GR",1,25,0,0,0,"day_25",0,25
"MNPV","KLP","LO","GR",1,25,0,0,0,"day_26",0,26
"MNPV","KLP","LO","GR",1,25,0,0,0,"day_27",0,27
"MNPV","KLP","LO","GR",1,25,0,0,0,"day_28",0,28
"MNPV","KLP","LO","DO",1,16,2,0.125,14,"day_6",0,6
"MNPV","KLP","LO","DO",1,16,2,0.125,14,"day_7",0,7
"MNPV","KLP","LO","DO",1,16,2,0.125,14,"day_8",0,8
"MNPV","KLP","LO","DO",1,16,2,0.125,14,"day_9",0,9
"MNPV","KLP","LO","DO",1,16,2,0.125,14,"day_10",0,10
"MNPV","KLP","LO","DO",1,16,2,0.125,14,"day_11",0,11
"MNPV","KLP","LO","DO",1,16,2,0.125,14,"day_12",1,12
"MNPV","KLP","LO","DO",1,16,2,0.125,14,"day_13",0,13
"MNPV","KLP","LO","DO",1,16,2,0.125,14,"day_14",0,14
"MNPV","KLP","LO","DO",1,16,2,0.125,14,"day_15",0,15
"MNPV","KLP","LO","DO",1,16,2,0.125,14,"day_16",1,16
"MNPV","KLP","LO","DO",1,16,2,0.125,14,"day_17",0,17
"MNPV","KLP","LO","DO",1,16,2,0.125,14,"day_18",0,18
"MNPV","KLP","LO","DO",1,16,2,0.125,14,"day_19",0,19
"MNPV","KLP","LO","DO",1,16,2,0.125,14,"day_20",0,20
"MNPV","KLP","LO","DO",1,16,2,0.125,14,"day_21",0,21
"MNPV","KLP","LO","DO",1,16,2,0.125,14,"day_22",0,22
"MNPV","KLP","LO","DO",1,16,2,0.125,14,"day_23",0,23
"MNPV","KLP","LO","DO",1,16,2,0.125,14,"day_24",0,24
"MNPV","KLP","LO","DO",1,16,2,0.125,14,"day_25",0,25
"MNPV","KLP","LO","DO",1,16,2,0.125,14,"day_26",0,26
"MNPV","KLP","LO","DO",1,16,2,0.125,14,"day_27",0,27
"MNPV","KLP","LO","DO",1,16,2,0.125,14,"day_28",0,28
"MNPV","TAM","HI","GR",3,39,7,0.179487179,15.71428571,"day_6",0,6
"MNPV","TAM","HI","GR",3,39,7,0.179487179,15.71428571,"day_7",0,7
"MNPV","TAM","HI","GR",3,39,7,0.179487179,15.71428571,"day_8",0,8
"MNPV","TAM","HI","GR",3,39,7,0.179487179,15.71428571,"day_9",0,9
"MNPV","TAM","HI","GR",3,39,7,0.179487179,15.71428571,"day_10",0,10
"MNPV","TAM","HI","GR",3,39,7,0.179487179,15.71428571,"day_11",2,11
"MNPV","TAM","HI","GR",3,39,7,0.179487179,15.71428571,"day_12",0,12
"MNPV","TAM","HI","GR",3,39,7,0.179487179,15.71428571,"day_13",1,13
"MNPV","TAM","HI","GR",3,39,7,0.179487179,15.71428571,"day_14",1,14
"MNPV","TAM","HI","GR",3,39,7,0.179487179,15.71428571,"day_15",0,15
"MNPV","TAM","HI","GR",3,39,7,0.179487179,15.71428571,"day_16",1,16
"MNPV","TAM","HI","GR",3,39,7,0.179487179,15.71428571,"day_17",0,17
"MNPV","TAM","HI","GR",3,39,7,0.179487179,15.71428571,"day_18",0,18
"MNPV","TAM","HI","GR",3,39,7,0.179487179,15.71428571,"day_19",0,19
"MNPV","TAM","HI","GR",3,39,7,0.179487179,15.71428571,"day_20",0,20
"MNPV","TAM","HI","GR",3,39,7,0.179487179,15.71428571,"day_21",0,21
"MNPV","TAM","HI","GR",3,39,7,0.179487179,15.71428571,"day_22",1,22
"MNPV","TAM","HI","GR",3,39,7,0.179487179,15.71428571,"day_23",1,23
"MNPV","TAM","HI","GR",3,39,7,0.179487179,15.71428571,"day_24",0,24
"MNPV","TAM","HI","GR",3,39,7,0.179487179,15.71428571,"day_25",0,25
"MNPV","TAM","HI","GR",3,39,7,0.179487179,15.71428571,"day_26",0,26
"MNPV","TAM","HI","GR",3,39,7,0.179487179,15.71428571,"day_27",0,27
"MNPV","TAM","HI","GR",3,39,7,0.179487179,15.71428571,"day_28",0,28
"MNPV","TAM","HI","DO",3,29,21,0.724137931,13.38095238,"day_6",0,6
"MNPV","TAM","HI","DO",3,29,21,0.724137931,13.38095238,"day_7",0,7
"MNPV","TAM","HI","DO",3,29,21,0.724137931,13.38095238,"day_8",0,8
"MNPV","TAM","HI","DO",3,29,21,0.724137931,13.38095238,"day_9",0,9
"MNPV","TAM","HI","DO",3,29,21,0.724137931,13.38095238,"day_10",0,10
"MNPV","TAM","HI","DO",3,29,21,0.724137931,13.38095238,"day_11",5,11
"MNPV","TAM","HI","DO",3,29,21,0.724137931,13.38095238,"day_12",1,12
"MNPV","TAM","HI","DO",3,29,21,0.724137931,13.38095238,"day_13",7,13
"MNPV","TAM","HI","DO",3,29,21,0.724137931,13.38095238,"day_14",1,14
"MNPV","TAM","HI","DO",3,29,21,0.724137931,13.38095238,"day_15",4,15
"MNPV","TAM","HI","DO",3,29,21,0.724137931,13.38095238,"day_16",2,16
"MNPV","TAM","HI","DO",3,29,21,0.724137931,13.38095238,"day_17",1,17
"MNPV","TAM","HI","DO",3,29,21,0.724137931,13.38095238,"day_18",0,18
"MNPV","TAM","HI","DO",3,29,21,0.724137931,13.38095238,"day_19",0,19
"MNPV","TAM","HI","DO",3,29,21,0.724137931,13.38095238,"day_20",0,20
"MNPV","TAM","HI","DO",3,29,21,0.724137931,13.38095238,"day_21",0,21
"MNPV","TAM","HI","DO",3,29,21,0.724137931,13.38095238,"day_22",0,22
"MNPV","TAM","HI","DO",3,29,21,0.724137931,13.38095238,"day_23",0,23
"MNPV","TAM","HI","DO",3,29,21,0.724137931,13.38095238,"day_24",0,24
"MNPV","TAM","HI","DO",3,29,21,0.724137931,13.38095238,"day_25",0,25
"MNPV","TAM","HI","DO",3,29,21,0.724137931,13.38095238,"day_26",0,26
"MNPV","TAM","HI","DO",3,29,21,0.724137931,13.38095238,"day_27",0,27
"MNPV","TAM","HI","DO",3,29,21,0.724137931,13.38095238,"day_28",0,28
"MNPV","TAM","ME","GR",2,21,8,0.380952381,17.375,"day_6",0,6
"MNPV","TAM","ME","GR",2,21,8,0.380952381,17.375,"day_7",0,7
"MNPV","TAM","ME","GR",2,21,8,0.380952381,17.375,"day_8",0,8
"MNPV","TAM","ME","GR",2,21,8,0.380952381,17.375,"day_9",0,9
"MNPV","TAM","ME","GR",2,21,8,0.380952381,17.375,"day_10",1,10
"MNPV","TAM","ME","GR",2,21,8,0.380952381,17.375,"day_11",0,11
"MNPV","TAM","ME","GR",2,21,8,0.380952381,17.375,"day_12",0,12
"MNPV","TAM","ME","GR",2,21,8,0.380952381,17.375,"day_13",1,13
"MNPV","TAM","ME","GR",2,21,8,0.380952381,17.375,"day_14",1,14
"MNPV","TAM","ME","GR",2,21,8,0.380952381,17.375,"day_15",0,15
"MNPV","TAM","ME","GR",2,21,8,0.380952381,17.375,"day_16",1,16
"MNPV","TAM","ME","GR",2,21,8,0.380952381,17.375,"day_17",0,17
"MNPV","TAM","ME","GR",2,21,8,0.380952381,17.375,"day_18",1,18
"MNPV","TAM","ME","GR",2,21,8,0.380952381,17.375,"day_19",0,19
"MNPV","TAM","ME","GR",2,21,8,0.380952381,17.375,"day_20",0,20
"MNPV","TAM","ME","GR",2,21,8,0.380952381,17.375,"day_21",1,21
"MNPV","TAM","ME","GR",2,21,8,0.380952381,17.375,"day_22",0,22
"MNPV","TAM","ME","GR",2,21,8,0.380952381,17.375,"day_23",1,23
"MNPV","TAM","ME","GR",2,21,8,0.380952381,17.375,"day_24",1,24
"MNPV","TAM","ME","GR",2,21,8,0.380952381,17.375,"day_25",0,25
"MNPV","TAM","ME","GR",2,21,8,0.380952381,17.375,"day_26",0,26
"MNPV","TAM","ME","GR",2,21,8,0.380952381,17.375,"day_27",0,27
"MNPV","TAM","ME","GR",2,21,8,0.380952381,17.375,"day_28",0,28
"MNPV","TAM","ME","DO",2,28,16,0.571428571,13.875,"day_6",1,6
"MNPV","TAM","ME","DO",2,28,16,0.571428571,13.875,"day_7",0,7
"MNPV","TAM","ME","DO",2,28,16,0.571428571,13.875,"day_8",0,8
"MNPV","TAM","ME","DO",2,28,16,0.571428571,13.875,"day_9",0,9
"MNPV","TAM","ME","DO",2,28,16,0.571428571,13.875,"day_10",1,10
"MNPV","TAM","ME","DO",2,28,16,0.571428571,13.875,"day_11",1,11
"MNPV","TAM","ME","DO",2,28,16,0.571428571,13.875,"day_12",1,12
"MNPV","TAM","ME","DO",2,28,16,0.571428571,13.875,"day_13",4,13
"MNPV","TAM","ME","DO",2,28,16,0.571428571,13.875,"day_14",1,14
"MNPV","TAM","ME","DO",2,28,16,0.571428571,13.875,"day_15",2,15
"MNPV","TAM","ME","DO",2,28,16,0.571428571,13.875,"day_16",1,16
"MNPV","TAM","ME","DO",2,28,16,0.571428571,13.875,"day_17",1,17
"MNPV","TAM","ME","DO",2,28,16,0.571428571,13.875,"day_18",3,18
"MNPV","TAM","ME","DO",2,28,16,0.571428571,13.875,"day_19",0,19
"MNPV","TAM","ME","DO",2,28,16,0.571428571,13.875,"day_20",0,20
"MNPV","TAM","ME","DO",2,28,16,0.571428571,13.875,"day_21",0,21
"MNPV","TAM","ME","DO",2,28,16,0.571428571,13.875,"day_22",0,22
"MNPV","TAM","ME","DO",2,28,16,0.571428571,13.875,"day_23",0,23
"MNPV","TAM","ME","DO",2,28,16,0.571428571,13.875,"day_24",0,24
"MNPV","TAM","ME","DO",2,28,16,0.571428571,13.875,"day_25",0,25
"MNPV","TAM","ME","DO",2,28,16,0.571428571,13.875,"day_26",0,26
"MNPV","TAM","ME","DO",2,28,16,0.571428571,13.875,"day_27",0,27
"MNPV","TAM","ME","DO",2,28,16,0.571428571,13.875,"day_28",0,28
"MNPV","TAM","LO","GR",1,25,2,0.08,8,"day_6",1,6
"MNPV","TAM","LO","GR",1,25,2,0.08,8,"day_7",0,7
"MNPV","TAM","LO","GR",1,25,2,0.08,8,"day_8",0,8
"MNPV","TAM","LO","GR",1,25,2,0.08,8,"day_9",0,9
"MNPV","TAM","LO","GR",1,25,2,0.08,8,"day_10",1,10
"MNPV","TAM","LO","GR",1,25,2,0.08,8,"day_11",0,11
"MNPV","TAM","LO","GR",1,25,2,0.08,8,"day_12",0,12
"MNPV","TAM","LO","GR",1,25,2,0.08,8,"day_13",0,13
"MNPV","TAM","LO","GR",1,25,2,0.08,8,"day_14",0,14
"MNPV","TAM","LO","GR",1,25,2,0.08,8,"day_15",0,15
"MNPV","TAM","LO","GR",1,25,2,0.08,8,"day_16",0,16
"MNPV","TAM","LO","GR",1,25,2,0.08,8,"day_17",0,17
"MNPV","TAM","LO","GR",1,25,2,0.08,8,"day_18",0,18
"MNPV","TAM","LO","GR",1,25,2,0.08,8,"day_19",0,19
"MNPV","TAM","LO","GR",1,25,2,0.08,8,"day_20",0,20
"MNPV","TAM","LO","GR",1,25,2,0.08,8,"day_21",0,21
"MNPV","TAM","LO","GR",1,25,2,0.08,8,"day_22",0,22
"MNPV","TAM","LO","GR",1,25,2,0.08,8,"day_23",0,23
"MNPV","TAM","LO","GR",1,25,2,0.08,8,"day_24",0,24
"MNPV","TAM","LO","GR",1,25,2,0.08,8,"day_25",0,25
"MNPV","TAM","LO","GR",1,25,2,0.08,8,"day_26",0,26
"MNPV","TAM","LO","GR",1,25,2,0.08,8,"day_27",0,27
"MNPV","TAM","LO","GR",1,25,2,0.08,8,"day_28",0,28
"MNPV","TAM","LO","DO",1,45,16,0.355555556,14.4375,"day_6",0,6
"MNPV","TAM","LO","DO",1,45,16,0.355555556,14.4375,"day_7",0,7
"MNPV","TAM","LO","DO",1,45,16,0.355555556,14.4375,"day_8",0,8
"MNPV","TAM","LO","DO",1,45,16,0.355555556,14.4375,"day_9",0,9
"MNPV","TAM","LO","DO",1,45,16,0.355555556,14.4375,"day_10",0,10
"MNPV","TAM","LO","DO",1,45,16,0.355555556,14.4375,"day_11",1,11
"MNPV","TAM","LO","DO",1,45,16,0.355555556,14.4375,"day_12",1,12
"MNPV","TAM","LO","DO",1,45,16,0.355555556,14.4375,"day_13",4,13
"MNPV","TAM","LO","DO",1,45,16,0.355555556,14.4375,"day_14",3,14
"MNPV","TAM","LO","DO",1,45,16,0.355555556,14.4375,"day_15",4,15
"MNPV","TAM","LO","DO",1,45,16,0.355555556,14.4375,"day_16",0,16
"MNPV","TAM","LO","DO",1,45,16,0.355555556,14.4375,"day_17",2,17
"MNPV","TAM","LO","DO",1,45,16,0.355555556,14.4375,"day_18",0,18
"MNPV","TAM","LO","DO",1,45,16,0.355555556,14.4375,"day_19",0,19
"MNPV","TAM","LO","DO",1,45,16,0.355555556,14.4375,"day_20",1,20
"MNPV","TAM","LO","DO",1,45,16,0.355555556,14.4375,"day_21",0,21
"MNPV","TAM","LO","DO",1,45,16,0.355555556,14.4375,"day_22",0,22
"MNPV","TAM","LO","DO",1,45,16,0.355555556,14.4375,"day_23",0,23
"MNPV","TAM","LO","DO",1,45,16,0.355555556,14.4375,"day_24",0,24
"MNPV","TAM","LO","DO",1,45,16,0.355555556,14.4375,"day_25",0,25
"MNPV","TAM","LO","DO",1,45,16,0.355555556,14.4375,"day_26",0,26
"MNPV","TAM","LO","DO",1,45,16,0.355555556,14.4375,"day_27",0,27
"MNPV","TAM","LO","DO",1,45,16,0.355555556,14.4375,"day_28",0,28
"MNPV","TMB","HI","GR",3,22,10,0.454545455,12.5,"day_6",0,6
"MNPV","TMB","HI","GR",3,22,10,0.454545455,12.5,"day_7",0,7
"MNPV","TMB","HI","GR",3,22,10,0.454545455,12.5,"day_8",0,8
"MNPV","TMB","HI","GR",3,22,10,0.454545455,12.5,"day_9",0,9
"MNPV","TMB","HI","GR",3,22,10,0.454545455,12.5,"day_10",3,10
"MNPV","TMB","HI","GR",3,22,10,0.454545455,12.5,"day_11",1,11
"MNPV","TMB","HI","GR",3,22,10,0.454545455,12.5,"day_12",1,12
"MNPV","TMB","HI","GR",3,22,10,0.454545455,12.5,"day_13",2,13
"MNPV","TMB","HI","GR",3,22,10,0.454545455,12.5,"day_14",0,14
"MNPV","TMB","HI","GR",3,22,10,0.454545455,12.5,"day_15",2,15
"MNPV","TMB","HI","GR",3,22,10,0.454545455,12.5,"day_16",1,16
"MNPV","TMB","HI","GR",3,22,10,0.454545455,12.5,"day_17",0,17
"MNPV","TMB","HI","GR",3,22,10,0.454545455,12.5,"day_18",0,18
"MNPV","TMB","HI","GR",3,22,10,0.454545455,12.5,"day_19",0,19
"MNPV","TMB","HI","GR",3,22,10,0.454545455,12.5,"day_20",0,20
"MNPV","TMB","HI","GR",3,22,10,0.454545455,12.5,"day_21",0,21
"MNPV","TMB","HI","GR",3,22,10,0.454545455,12.5,"day_22",0,22
"MNPV","TMB","HI","GR",3,22,10,0.454545455,12.5,"day_23",0,23
"MNPV","TMB","HI","GR",3,22,10,0.454545455,12.5,"day_24",0,24
"MNPV","TMB","HI","GR",3,22,10,0.454545455,12.5,"day_25",0,25
"MNPV","TMB","HI","GR",3,22,10,0.454545455,12.5,"day_26",0,26
"MNPV","TMB","HI","GR",3,22,10,0.454545455,12.5,"day_27",0,27
"MNPV","TMB","HI","GR",3,22,10,0.454545455,12.5,"day_28",0,28
"MNPV","TMB","HI","DO",3,27,26,0.962962963,10.76923077,"day_6",0,6
"MNPV","TMB","HI","DO",3,27,26,0.962962963,10.76923077,"day_7",2,7
"MNPV","TMB","HI","DO",3,27,26,0.962962963,10.76923077,"day_8",1,8
"MNPV","TMB","HI","DO",3,27,26,0.962962963,10.76923077,"day_9",1,9
"MNPV","TMB","HI","DO",3,27,26,0.962962963,10.76923077,"day_10",7,10
"MNPV","TMB","HI","DO",3,27,26,0.962962963,10.76923077,"day_11",7,11
"MNPV","TMB","HI","DO",3,27,26,0.962962963,10.76923077,"day_12",3,12
"MNPV","TMB","HI","DO",3,27,26,0.962962963,10.76923077,"day_13",4,13
"MNPV","TMB","HI","DO",3,27,26,0.962962963,10.76923077,"day_14",1,14
"MNPV","TMB","HI","DO",3,27,26,0.962962963,10.76923077,"day_15",0,15
"MNPV","TMB","HI","DO",3,27,26,0.962962963,10.76923077,"day_16",0,16
"MNPV","TMB","HI","DO",3,27,26,0.962962963,10.76923077,"day_17",0,17
"MNPV","TMB","HI","DO",3,27,26,0.962962963,10.76923077,"day_18",0,18
"MNPV","TMB","HI","DO",3,27,26,0.962962963,10.76923077,"day_19",0,19
"MNPV","TMB","HI","DO",3,27,26,0.962962963,10.76923077,"day_20",0,20
"MNPV","TMB","HI","DO",3,27,26,0.962962963,10.76923077,"day_21",0,21
"MNPV","TMB","HI","DO",3,27,26,0.962962963,10.76923077,"day_22",0,22
"MNPV","TMB","HI","DO",3,27,26,0.962962963,10.76923077,"day_23",0,23
"MNPV","TMB","HI","DO",3,27,26,0.962962963,10.76923077,"day_24",0,24
"MNPV","TMB","HI","DO",3,27,26,0.962962963,10.76923077,"day_25",0,25
"MNPV","TMB","HI","DO",3,27,26,0.962962963,10.76923077,"day_26",0,26
"MNPV","TMB","HI","DO",3,27,26,0.962962963,10.76923077,"day_27",0,27
"MNPV","TMB","HI","DO",3,27,26,0.962962963,10.76923077,"day_28",0,28
"MNPV","TMB","ME","GR",2,11,3,0.272727273,13.33333333,"day_6",0,6
"MNPV","TMB","ME","GR",2,11,3,0.272727273,13.33333333,"day_7",0,7
"MNPV","TMB","ME","GR",2,11,3,0.272727273,13.33333333,"day_8",0,8
"MNPV","TMB","ME","GR",2,11,3,0.272727273,13.33333333,"day_9",0,9
"MNPV","TMB","ME","GR",2,11,3,0.272727273,13.33333333,"day_10",1,10
"MNPV","TMB","ME","GR",2,11,3,0.272727273,13.33333333,"day_11",0,11
"MNPV","TMB","ME","GR",2,11,3,0.272727273,13.33333333,"day_12",0,12
"MNPV","TMB","ME","GR",2,11,3,0.272727273,13.33333333,"day_13",0,13
"MNPV","TMB","ME","GR",2,11,3,0.272727273,13.33333333,"day_14",1,14
"MNPV","TMB","ME","GR",2,11,3,0.272727273,13.33333333,"day_15",0,15
"MNPV","TMB","ME","GR",2,11,3,0.272727273,13.33333333,"day_16",1,16
"MNPV","TMB","ME","GR",2,11,3,0.272727273,13.33333333,"day_17",0,17
"MNPV","TMB","ME","GR",2,11,3,0.272727273,13.33333333,"day_18",0,18
"MNPV","TMB","ME","GR",2,11,3,0.272727273,13.33333333,"day_19",0,19
"MNPV","TMB","ME","GR",2,11,3,0.272727273,13.33333333,"day_20",0,20
"MNPV","TMB","ME","GR",2,11,3,0.272727273,13.33333333,"day_21",0,21
"MNPV","TMB","ME","GR",2,11,3,0.272727273,13.33333333,"day_22",0,22
"MNPV","TMB","ME","GR",2,11,3,0.272727273,13.33333333,"day_23",0,23
"MNPV","TMB","ME","GR",2,11,3,0.272727273,13.33333333,"day_24",0,24
"MNPV","TMB","ME","GR",2,11,3,0.272727273,13.33333333,"day_25",0,25
"MNPV","TMB","ME","GR",2,11,3,0.272727273,13.33333333,"day_26",0,26
"MNPV","TMB","ME","GR",2,11,3,0.272727273,13.33333333,"day_27",0,27
"MNPV","TMB","ME","GR",2,11,3,0.272727273,13.33333333,"day_28",0,28
"MNPV","TMB","ME","DO",2,20,16,0.8,12.5,"day_6",0,6
"MNPV","TMB","ME","DO",2,20,16,0.8,12.5,"day_7",0,7
"MNPV","TMB","ME","DO",2,20,16,0.8,12.5,"day_8",0,8
"MNPV","TMB","ME","DO",2,20,16,0.8,12.5,"day_9",0,9
"MNPV","TMB","ME","DO",2,20,16,0.8,12.5,"day_10",2,10
"MNPV","TMB","ME","DO",2,20,16,0.8,12.5,"day_11",4,11
"MNPV","TMB","ME","DO",2,20,16,0.8,12.5,"day_12",3,12
"MNPV","TMB","ME","DO",2,20,16,0.8,12.5,"day_13",0,13
"MNPV","TMB","ME","DO",2,20,16,0.8,12.5,"day_14",5,14
"MNPV","TMB","ME","DO",2,20,16,0.8,12.5,"day_15",2,15
"MNPV","TMB","ME","DO",2,20,16,0.8,12.5,"day_16",0,16
"MNPV","TMB","ME","DO",2,20,16,0.8,12.5,"day_17",0,17
"MNPV","TMB","ME","DO",2,20,16,0.8,12.5,"day_18",0,18
"MNPV","TMB","ME","DO",2,20,16,0.8,12.5,"day_19",0,19
"MNPV","TMB","ME","DO",2,20,16,0.8,12.5,"day_20",0,20
"MNPV","TMB","ME","DO",2,20,16,0.8,12.5,"day_21",0,21
"MNPV","TMB","ME","DO",2,20,16,0.8,12.5,"day_22",0,22
"MNPV","TMB","ME","DO",2,20,16,0.8,12.5,"day_23",0,23
"MNPV","TMB","ME","DO",2,20,16,0.8,12.5,"day_24",0,24
"MNPV","TMB","ME","DO",2,20,16,0.8,12.5,"day_25",0,25
"MNPV","TMB","ME","DO",2,20,16,0.8,12.5,"day_26",0,26
"MNPV","TMB","ME","DO",2,20,16,0.8,12.5,"day_27",0,27
"MNPV","TMB","ME","DO",2,20,16,0.8,12.5,"day_28",0,28
"MNPV","TMB","LO","GR",1,30,9,0.3,12.33333333,"day_6",0,6
"MNPV","TMB","LO","GR",1,30,9,0.3,12.33333333,"day_7",0,7
"MNPV","TMB","LO","GR",1,30,9,0.3,12.33333333,"day_8",0,8
"MNPV","TMB","LO","GR",1,30,9,0.3,12.33333333,"day_9",1,9
"MNPV","TMB","LO","GR",1,30,9,0.3,12.33333333,"day_10",1,10
"MNPV","TMB","LO","GR",1,30,9,0.3,12.33333333,"day_11",1,11
"MNPV","TMB","LO","GR",1,30,9,0.3,12.33333333,"day_12",1,12
"MNPV","TMB","LO","GR",1,30,9,0.3,12.33333333,"day_13",2,13
"MNPV","TMB","LO","GR",1,30,9,0.3,12.33333333,"day_14",2,14
"MNPV","TMB","LO","GR",1,30,9,0.3,12.33333333,"day_15",1,15
"MNPV","TMB","LO","GR",1,30,9,0.3,12.33333333,"day_16",0,16
"MNPV","TMB","LO","GR",1,30,9,0.3,12.33333333,"day_17",0,17
"MNPV","TMB","LO","GR",1,30,9,0.3,12.33333333,"day_18",0,18
"MNPV","TMB","LO","GR",1,30,9,0.3,12.33333333,"day_19",0,19
"MNPV","TMB","LO","GR",1,30,9,0.3,12.33333333,"day_20",0,20
"MNPV","TMB","LO","GR",1,30,9,0.3,12.33333333,"day_21",0,21
"MNPV","TMB","LO","GR",1,30,9,0.3,12.33333333,"day_22",0,22
"MNPV","TMB","LO","GR",1,30,9,0.3,12.33333333,"day_23",0,23
"MNPV","TMB","LO","GR",1,30,9,0.3,12.33333333,"day_24",0,24
"MNPV","TMB","LO","GR",1,30,9,0.3,12.33333333,"day_25",0,25
"MNPV","TMB","LO","GR",1,30,9,0.3,12.33333333,"day_26",0,26
"MNPV","TMB","LO","GR",1,30,9,0.3,12.33333333,"day_27",0,27
"MNPV","TMB","LO","GR",1,30,9,0.3,12.33333333,"day_28",0,28
"MNPV","TMB","LO","DO",1,26,17,0.653846154,12.88235294,"day_6",0,6
"MNPV","TMB","LO","DO",1,26,17,0.653846154,12.88235294,"day_7",0,7
"MNPV","TMB","LO","DO",1,26,17,0.653846154,12.88235294,"day_8",0,8
"MNPV","TMB","LO","DO",1,26,17,0.653846154,12.88235294,"day_9",0,9
"MNPV","TMB","LO","DO",1,26,17,0.653846154,12.88235294,"day_10",2,10
"MNPV","TMB","LO","DO",1,26,17,0.653846154,12.88235294,"day_11",2,11
"MNPV","TMB","LO","DO",1,26,17,0.653846154,12.88235294,"day_12",3,12
"MNPV","TMB","LO","DO",1,26,17,0.653846154,12.88235294,"day_13",3,13
"MNPV","TMB","LO","DO",1,26,17,0.653846154,12.88235294,"day_14",6,14
"MNPV","TMB","LO","DO",1,26,17,0.653846154,12.88235294,"day_15",0,15
"MNPV","TMB","LO","DO",1,26,17,0.653846154,12.88235294,"day_16",0,16
"MNPV","TMB","LO","DO",1,26,17,0.653846154,12.88235294,"day_17",0,17
"MNPV","TMB","LO","DO",1,26,17,0.653846154,12.88235294,"day_18",1,18
"MNPV","TMB","LO","DO",1,26,17,0.653846154,12.88235294,"day_19",0,19
"MNPV","TMB","LO","DO",1,26,17,0.653846154,12.88235294,"day_20",0,20
"MNPV","TMB","LO","DO",1,26,17,0.653846154,12.88235294,"day_21",0,21
"MNPV","TMB","LO","DO",1,26,17,0.653846154,12.88235294,"day_22",0,22
"MNPV","TMB","LO","DO",1,26,17,0.653846154,12.88235294,"day_23",0,23
"MNPV","TMB","LO","DO",1,26,17,0.653846154,12.88235294,"day_24",0,24
"MNPV","TMB","LO","DO",1,26,17,0.653846154,12.88235294,"day_25",0,25
"MNPV","TMB","LO","DO",1,26,17,0.653846154,12.88235294,"day_26",0,26
"MNPV","TMB","LO","DO",1,26,17,0.653846154,12.88235294,"day_27",0,27
"MNPV","TMB","LO","DO",1,26,17,0.653846154,12.88235294,"day_28",0,28
